1364	7 (0 1 2 3 4 5 6) 
Adromischus_alstonii	0000010
Adromischus_bicolor	0000010
Adromischus_caryophyllaceus	0000010
Adromischus_cooperi	0000010
Adromischus_cristatus	0000010
Adromischus_fallax	0000010
Adromischus_filicaulis	0000010
Adromischus_hemisphaericus	0000010
Adromischus_humilis	0000010
Adromischus_inamoenus	0000010
Adromischus_leucophyllus	0000010
Adromischus_liebenbergii	0000010
Adromischus_maculatus	0000010
Adromischus_mammillaris	0000010
Adromischus_marianiae	0000010
Adromischus_maximus	0000010
Adromischus_montium-klinghardtii	0000010
Adromischus_nanus	0000010
Adromischus_phillipsiae	0000010
Adromischus_roaneanus	0000010
Adromischus_schuldtianus	0000010
Adromischus_sphenophyllus	0000010
Adromischus_subviridis	0000010
Adromischus_triflorus	0000010
Adromischus_trigynus	0000010
Adromischus_umbraticola	0000010
Aeonium_aizoon	0100000
Aeonium_arboreum	0100000
Aeonium_aureum	0100000
Aeonium_balsamiferum	0100000
Aeonium_canariense	0100000
Aeonium_ciliatum	0100000
Aeonium_davidbramwellii	0100000
Aeonium_decorum	0100000
Aeonium_diplocyclum	0100000
Aeonium_dodrantale	0100000
Aeonium_glandulosum	0100000
Aeonium_glutinosum	0100000
Aeonium_gomerense	0100000
Aeonium_goochiae	0100000
Aeonium_haworthii	0100000
Aeonium_hierrense	0100000
Aeonium_korneliuslemsii	0010000
Aeonium_lancerottense	0100000
Aeonium_leucoblepharum	0100000
Aeonium_lindleyi	0100000
Aeonium_nobile	0100000
Aeonium_percarneum	0100000
Aeonium_pseudourbicum	0100000
Aeonium_saundersii	0100000
Aeonium_sedifolium	0100000
Aeonium_simsii	0100000
Aeonium_spathulatum	0100000
Aeonium_tabuliforme	0010000
Aeonium_undulatum	0100000
Aeonium_urbicum	0100000
Aichryson_bethencourtianum	0100000
Aichryson_bollei	0100000
Aichryson_divaricatum	0100000
Aichryson_dumosum	0100000
Aichryson_laxum	0100000
Aichryson_pachycaulon	0100000
Aichryson_palmense	0001000
Aichryson_parlatorei	0010000
Aichryson_porphyrogennetos	0001000
Aichryson_punctatum	0000001
Aichryson_tortuosum	0000010
Aichryson_villosum	0000001
Altingia_chinensis	0001000
Altingia_excelsa	0001000
Altingia_gracilipes	1000000
Altingia_siamensis	0001000
Aphanopetalum_clematideum	0001000
Aphanopetalum_resinosum	0001000
Astilbe_biternata	0000001
Astilbe_chinensis	0001000
Astilbe_grandis	0001000
Astilbe_japonica	0000001
Astilbe_longicarpa	1000000
Astilbe_macrocarpa	0001000
Astilbe_macroflora	0001000
Astilbe_microphylla	0001000
Astilbe_odontophylla	0001000
Astilbe_philippinensis	0001000
Astilbe_rivularis	1000000
Astilbe_rubra	1000000
Astilbe_shikokiana	0001000
Astilbe_simplicifolia	1000000
Astilbe_thunbergii	0001000
Astilboides_tabularis	0000100
Bensoniella_oregona	0000100
Bergenia_ciliata	0001000
Bergenia_crassifolia	1000000
Bergenia_emeiensis	1000000
Bergenia_pacumbis	1000000
Bergenia_purpurascens	1000000
Bergenia_stracheyi	1000000
Bolandra_californica	1000000
Bolandra_oregana	0100000
Boykinia_aconitifolia	1000000
Boykinia_intermedia	0001000
Boykinia_lycoctonifolia	1000000
Boykinia_major	0010000
Boykinia_occidentalis	0001000
Boykinia_richardsonii	0001000
Boykinia_rotundifolia	1000000
Cascadia_nuttallii	1000000
Cercidiphyllum_japonicum	1000000
Cercidiphyllum_magnificum	0000100
Choristylis_rhamnoides	0001000
Chrysosplenium_album	0001000
Chrysosplenium_alternifolium	0001000
Chrysosplenium_americanum	0001000
Chrysosplenium_axillare	1000000
Chrysosplenium_biondianum	0001000
Chrysosplenium_carnosum	0001000
Chrysosplenium_davidianum	0000100
Chrysosplenium_dubium	1000000
Chrysosplenium_echinus	0001000
Chrysosplenium_fauriae	0001000
Chrysosplenium_flagelliferum	0000100
Chrysosplenium_forrestii	0000001
Chrysosplenium_grayanum	0001000
Chrysosplenium_griffithii	0000001
Chrysosplenium_hydrocotylifolium	0001000
Chrysosplenium_iowense	0001000
Chrysosplenium_japonicum	0001000
Chrysosplenium_kamtschaticum	0000100
Chrysosplenium_kiotense	1000000
Chrysosplenium_lanuginosum	0001000
Chrysosplenium_macrophyllum	0001000
Chrysosplenium_macrostemon	1000000
Chrysosplenium_microspermum	1000000
Chrysosplenium_nepalense	1000000
Chrysosplenium_nudicaule	0001000
Chrysosplenium_oppositifolium	1000000
Chrysosplenium_pilosum	0000100
Chrysosplenium_ramosum	0000100
Chrysosplenium_rhabdospermum	1000000
Chrysosplenium_rosendahlii	0010000
Chrysosplenium_sinicum	0001000
Chrysosplenium_tetrandrum	0001000
Chrysosplenium_tosaense	0001000
Chrysosplenium_uniflorum	0000001
Chrysosplenium_valdivicum	0001000
Chrysosplenium_wrightii	0001000
Chunia_bucklandioides	0001000
Conimitella_williamsii	0001000
Corylopsis_glabrescens	0001000
Corylopsis_glandulifera	0001000
Corylopsis_himalayana	0000001
Corylopsis_microcarpa	0000001
Corylopsis_multiflora	0001000
Corylopsis_omeiensis	0001000
Corylopsis_pauciflora	0001000
Corylopsis_platypetala	0001000
Corylopsis_sinensis	0000010
Corylopsis_spicata	0000010
Corylopsis_stenopetala	0000010
Corylopsis_veitchiana	0000010
Corylopsis_willmottiae	0000010
Corylopsis_yunnanensis	0010000
Cotyledon_adscendens	0000010
Cotyledon_barbeyi	0000010
Cotyledon_campanulata	0010000
Cotyledon_cuneata	0000010
Cotyledon_eliseae	0010000
Cotyledon_papillaris	0000010
Cotyledon_tomentosa	1000000
Cotyledon_velutina	0000010
Cotyledon_woodii	0000010
Crassula_alata	0000010
Crassula_alticola	0000010
Crassula_aquatica	0000010
Crassula_atropurpurea	0100000
Crassula_ausensis	0000010
Crassula_barklyi	0000010
Crassula_brachystachya	0000010
Crassula_campestris	0000010
Crassula_capitella	0000010
Crassula_clavata	0000010
Crassula_colligata	0000010
Crassula_compacta	0000010
Crassula_connata	0000010
Crassula_crenulata	0000010
Crassula_cultrata	0000010
Crassula_deceptor	0000010
Crassula_decumbens	0000010
Crassula_dejecta	0000010
Crassula_dependens	0000010
Crassula_dichotoma	0010000
Crassula_ericoides	0000010
Crassula_expansa	0010000
Crassula_fascicularis	0000010
Crassula_flava	0010000
Crassula_gemmifera	0000010
Crassula_globularioides	0000010
Crassula_glomerata	0000010
Crassula_granvikii	0010000
Crassula_helmsii	0000010
Crassula_hunua	0010000
Crassula_inandensis	1000000
Crassula_inanis	0010000
Crassula_kirkii	0000010
Crassula_manaia	0010000
Crassula_mataikona	0000010
Crassula_montana	0000010
Crassula_moschata	0010000
Crassula_multicaulis	0010000
Crassula_multicava	0010000
Crassula_muscosa	0000010
Crassula_natalensis	0000010
Crassula_natans	0000010
Crassula_nudicaulis	0000010
Crassula_orbicularis	1000000
Crassula_papillosa	0010000
Crassula_peduncularis	0000010
Crassula_pellucida	0010000
Crassula_peploides	0000010
Crassula_perfoliata	0010000
Crassula_perforata	0000010
Crassula_pseudohemisphaerica	0000010
Crassula_pubescens	0000010
Crassula_ruamahanga	0000010
Crassula_rupestris	0010000
Crassula_sarcocaulis	0000010
Crassula_sarmentosa	0010000
Crassula_schimperi	0000010
Crassula_sediflora	0000010
Crassula_setulosa	0000010
Crassula_sieberiana	0000010
Crassula_sinclairii	0010000
Crassula_spathulata	0010000
Crassula_strigosa	0010000
Crassula_tenuicaulis	0001000
Crassula_thunbergiana	0000001
Crassula_tillaea	0000001
Crassula_umbraticola	0001000
Crassula_vaginata	0000001
Crassula_vaillantii	0001000
Crassula_venezuelensis	0000001
Crassula_volkensii	0000001
Cremnophila_linguifolia	0001000
Cremnophila_nutans	0000001
Cynomorium_coccineum	0001000
Cynomorium_songaricum	0000001
Daphniphyllum_borneense	0100000
Daphniphyllum_calycinum	0000001
Daphniphyllum_glaucescens	0000001
Daphniphyllum_gracile	0000001
Daphniphyllum_laurinum	0000001
Daphniphyllum_macropodum	0000001
Daphniphyllum_oldhamii	0000001
Daphniphyllum_paxianum	0010000
Daphniphyllum_scortechinii	0001000
Daphniphyllum_teijsmannii	0001000
Darmera_peltata	0001000
Dicoryphe_stipulacea	0000010
Disanthus_cercidifolius	0100000
Distyliopsis_dunnii	0100000
Distyliopsis_laurifolia	0100000
Distyliopsis_tutcheri	0100000
Distylium_myricoides	0100000
Distylium_racemosum	0100000
Dudleya_abramsii	0010000
Dudleya_acuminata	0010000
Dudleya_albiflora	0010000
Dudleya_anomala	0010000
Dudleya_anthonyi	0010000
Dudleya_attenuata	0000001
Dudleya_blochmaniae	0010000
Dudleya_brittonii	0010000
Dudleya_candelabrum	0010000
Dudleya_cymosa	0010000
Dudleya_densiflora	0000100
Dudleya_edulis	0010000
Dudleya_farinosa	0010000
Dudleya_formosa	0010000
Dudleya_greenei	0000010
Dudleya_guadalupensis	0010000
Dudleya_ingens	0010000
Dudleya_linearis	0000100
Dudleya_multicaulis	0010000
Dudleya_pachyphytum	0010000
Dudleya_pulverulenta	0000001
Dudleya_saxosa	0010000
Dudleya_stolonifera	0000001
Dudleya_variegata	0010000
Dudleya_verityi	0010000
Dudleya_virens	0010000
Echeveria_amoena	0000001
Echeveria_australis	0010000
Echeveria_bifida	0010000
Echeveria_cante	0010000
Echeveria_chihuahuaensis	0010000
Echeveria_coccinea	0010000
Echeveria_colorata	0010000
Echeveria_fulgens	0010000
Echeveria_gibbiflora	0010000
Echeveria_grisea	0010000
Echeveria_juarezensis	0010000
Echeveria_longissima	0010000
Echeveria_megacalyx	0000010
Echeveria_montana	0000001
Echeveria_nodulosa	0010000
Echeveria_nuda	0010000
Echeveria_pringlei	0001000
Echeveria_prolifica	0001000
Echeveria_pulvinata	0000010
Echeveria_purpusorum	0000010
Echeveria_racemosa	0000010
Echeveria_recurvata	0010000
Echeveria_rosea	0000001
Echeveria_setosa	0000010
Echeveria_simulans	0000010
Echeveria_strictiflora	0000010
Elmera_racemosa	0000001
Eustigma_balansae	0000010
Eustigma_oblongifolium	0000001
Exbucklandia_longipetala	1000000
Exbucklandia_populnea	0000001
Exbucklandia_tonkinensis	0000010
Fortunearia_sinensis	0000001
Fothergilla_gardenii	0000010
Fothergilla_major	1000000
Glischrocaryon_aureum	0010000
Glischrocaryon_behrii	0010000
Glischrocaryon_flavescens	0010000
Glischrocaryon_roei	0010000
Gonocarpus_acanthocarpus	0010000
Gonocarpus_aggregatus	0010000
Gonocarpus_benthamii	0010000
Gonocarpus_chinensis	0010000
Gonocarpus_cordiger	0010000
Gonocarpus_elatus	0000010
Gonocarpus_ephemerus	0000010
Gonocarpus_eremophilus	0000010
Gonocarpus_humilis	0000010
Gonocarpus_intricatus	0000010
Gonocarpus_leptothecus	0000010
Gonocarpus_longifolius	0000010
Gonocarpus_mezianus	0000001
Gonocarpus_micranthus	0000010
Gonocarpus_montanus	0000010
Gonocarpus_nodulosus	0000010
Gonocarpus_oreophilus	0100000
Gonocarpus_paniculatus	1000000
Gonocarpus_pusillus	0000010
Gonocarpus_salsoloides	0000010
Gonocarpus_scordioides	0000010
Gonocarpus_tetragynus	0010000
Gonocarpus_teucrioides	0000010
Gonocarpus_trichostachyus	0000010
Gonocarpus_urceolatus	0000010
Graptopetalum_amethystinum	1000000
Graptopetalum_bartramii	0000001
Graptopetalum_bellum	0000001
Graptopetalum_filiferum	0000010
Graptopetalum_fruticosum	0000001
Graptopetalum_grande	1000000
Graptopetalum_macdougallii	0000010
Graptopetalum_mendozae	0001000
Graptopetalum_pachyphyllum	0001000
Graptopetalum_paraguayense	0001000
Graptopetalum_pentandrum	0001000
Graptopetalum_rusbyi	0001000
Haloragis_acutangula	0010000
Haloragis_aspera	1000000
Haloragis_dura	1000000
Haloragis_erecta	1000000
Haloragis_exalata	0100000
Haloragis_eyreana	1000000
Haloragis_foliosa	0000100
Haloragis_glauca	0100000
Haloragis_hamata	0010000
Haloragis_heterophylla	0100000
Haloragis_masatierrana	0100000
Haloragis_odontocarpa	0001000
Haloragis_serra	1000000
Haloragis_stricta	0100000
Haloragis_trigonocarpa	0000100
Haloragodendron_baeuerlenii	0010000
Haloragodendron_gibsonii	0001000
Haloragodendron_glandulosum	1000000
Haloragodendron_lucasii	0001000
Haloragodendron_monospermum	0000100
Haloragodendron_racemosum	0001000
Hamamelis_japonica	0001000
Hamamelis_mexicana	1000000
Hamamelis_mollis	1000000
Hamamelis_ovalis	0001000
Hamamelis_vernalis	1000000
Hamamelis_virginiana	0001000
Heuchera_abramsii	0000001
Heuchera_acutifolia	0001000
Heuchera_alba	0001000
Heuchera_americana	1000000
Heuchera_bracteata	0001000
Heuchera_brevistaminea	0001000
Heuchera_caespitosa	0001000
Heuchera_caroliniana	0010000
Heuchera_chlorantha	0001000
Heuchera_cylindrica	0001000
Heuchera_eastwoodiae	0001000
Heuchera_elegans	0001000
Heuchera_glabra	0001000
Heuchera_glomerulata	0001000
Heuchera_grossulariifolia	0001000
Heuchera_hallii	0001000
Heuchera_hirsutissima	0000001
Heuchera_longiflora	0000001
Heuchera_longipetala	0000001
Heuchera_maxima	0010000
Heuchera_merriamii	0001000
Heuchera_mexicana	0001000
Heuchera_micrantha	0000001
Heuchera_missouriensis	0001000
Heuchera_novomexicana	0100000
Heuchera_parishii	0100000
Heuchera_parviflora	0100000
Heuchera_parvifolia	0010000
Heuchera_pilosissima	0000001
Heuchera_puberula	0000010
Heuchera_pubescens	0010000
Heuchera_pulchella	0000010
Heuchera_richardsonii	0000010
Heuchera_rosendahlii	0000010
Heuchera_rubescens	0000010
Heuchera_sanguinea	0010000
Heuchera_villosa	0010000
Heuchera_wellsiae	0010000
Heuchera_woodsiaphila	0000010
Heuchera_wootonii	0010000
Hieronymusia_alchemilloides	0000010
Hylotelephium_anacampseros	0000010
Hylotelephium_angustum	0000001
Hylotelephium_caucasicum	0010000
Hylotelephium_cyaneum	0010000
Hylotelephium_erythrostictum	0010000
Hylotelephium_ewersii	0000010
Hylotelephium_mingjinianum	0000001
Hylotelephium_pallescens	0010000
Hylotelephium_pluricaule	0000010
Hylotelephium_populifolium	0010000
Hylotelephium_sieboldii	0000010
Hylotelephium_sordidum	0010000
Hylotelephium_spectabile	0010000
Hylotelephium_subcapitatum	0010000
Hylotelephium_tatarinowii	0000010
Hylotelephium_telephioides	0000010
Hylotelephium_telephium	0010000
Hylotelephium_verticillatum	0010000
Hylotelephium_viride	0000001
Itea_chinensis	0000001
Itea_glutinosa	0000010
Itea_ilicifolia	0010000
Itea_japonica	0010000
Itea_kiukiangensis	0010000
Itea_macrophylla	0010000
Itea_oldhamii	0010000
Itea_parviflora	0000010
Itea_virginica	0010000
Itea_yunnanensis	0010000
Jepsonia_malvifolia	0000001
Jepsonia_parryi	0010000
Kalanchoe_arborescens	0010000
Kalanchoe_beauverdii	0000010
Kalanchoe_beharensis	0010000
Kalanchoe_bentii	0000010
Kalanchoe_blossfeldiana	0010000
Kalanchoe_brachyloba	0000001
Kalanchoe_campanulata	0010000
Kalanchoe_citrina	0000001
Kalanchoe_crenata	0010000
Kalanchoe_daigremontiana	0000001
Kalanchoe_delagoensis	0000001
Kalanchoe_densiflora	0000001
Kalanchoe_elizae	0010000
Kalanchoe_eriophylla	0000010
Kalanchoe_farinacea	0000010
Kalanchoe_fedtschenkoi	0000010
Kalanchoe_garambiensis	0000001
Kalanchoe_gastonis-bonnieri	0010000
Kalanchoe_germanae	0010000
Kalanchoe_glaucescens	0000001
Kalanchoe_gracilipes	0000001
Kalanchoe_humilis	0000010
Kalanchoe_integrifolia	0010000
Kalanchoe_jongmansii	0000001
Kalanchoe_laciniata	0000001
Kalanchoe_lanceolata	0010000
Kalanchoe_lateritia	0000010
Kalanchoe_latisepala	0010000
Kalanchoe_linearifolia	0000001
Kalanchoe_longiflora	0000001
Kalanchoe_luciae	0000010
Kalanchoe_manginii	0010000
Kalanchoe_marmorata	0000010
Kalanchoe_marnieriana	0010000
Kalanchoe_millotii	0000010
Kalanchoe_miniata	0000010
Kalanchoe_mitejea	1000000
Kalanchoe_nyikae	0100000
Kalanchoe_orgyalis	0100000
Kalanchoe_paniculata	0100000
Kalanchoe_peltata	0100000
Kalanchoe_petitiana	0100000
Kalanchoe_pinnata	0100000
Kalanchoe_porphyrocalyx	0100000
Kalanchoe_prittwitzii	0100000
Kalanchoe_prolifera	0100000
Kalanchoe_pubescens	0001000
Kalanchoe_pumila	0001000
Kalanchoe_rhombopilosa	0010000
Kalanchoe_rosei	0000001
Kalanchoe_rotundifolia	0000001
Kalanchoe_scapigera	0001000
Kalanchoe_streptantha	1000000
Kalanchoe_synsepala	0001000
Kalanchoe_thyrsiflora	0001000
Kalanchoe_tomentosa	1000000
Kalanchoe_uniflora	0100000
Kalanchoe_velutina	1000000
Kalanchoe_waldheimii	1000000
Laurembergia_repens	1000000
Lenophyllum_acutifolium	0100000
Lenophyllum_guttatum	1000000
Leptarrhena_pyrolifolia	0000100
Liquidambar_acalycina	0000100
Liquidambar_formosana	1000000
Liquidambar_orientalis	0001000
Liquidambar_styraciflua	1000000
Lithophragma_affine	1000000
Lithophragma_bolanderi	1000000
Lithophragma_campanulatum	1000000
Lithophragma_cymbalaria	1000000
Lithophragma_glabrum	1000000
Lithophragma_heterophyllum	1000000
Lithophragma_maximum	0000100
Lithophragma_parviflorum	0001000
Lithophragma_tenellum	0000100
Lithophragma_trifoliatum	1000000
Loropetalum_chinense	0000100
Loropetalum_subcordatum	1000000
Matudaea_colombiana	1000000
Matudaea_trinervia	1000000
Medusandra_mpomiana	1000000
Medusandra_richardsiana	1000000
Meionectes_brownii	1000000
Meionectes_tenuifolia	0001000
Meterostachys_sikokianus	1000000
Micranthes_apetala	1000000
Micranthes_aprica	1000000
Micranthes_atrata	0001000
Micranthes_bryophora	1000000
Micranthes_californica	1000000
Micranthes_calycina	0001000
Micranthes_careyana	1000000
Micranthes_caroliniana	0000001
Micranthes_clavistaminea	0001000
Micranthes_clusii	0001000
Micranthes_davidii	1000000
Micranthes_eriophora	0001000
Micranthes_ferruginea	1000000
Micranthes_foliolosa	1000000
Micranthes_fusca	1000000
Micranthes_gageana	0000001
Micranthes_hieraciifolia	0100000
Micranthes_howellii	0100000
Micranthes_integrifolia	0100000
Micranthes_japonica	0100000
Micranthes_laciniata	1000000
Micranthes_lumpuensis	1000000
Micranthes_lyallii	0000010
Micranthes_manchuriensis	0001000
Micranthes_melanocentra	0010000
Micranthes_merkii	0000010
Micranthes_micranthidifolia	0010000
Micranthes_nelsoniana	0000010
Micranthes_nidifica	0000001
Micranthes_nivalis	0000010
Micranthes_occidentalis	0000010
Micranthes_odontoloma	0010000
Micranthes_oregana	0000010
Micranthes_pallida	0000010
Micranthes_pensylvanica	0010000
Micranthes_petiolaris	0000010
Micranthes_razshivinii	0000010
Micranthes_redofskyi	0001000
Micranthes_reflexa	0100000
Micranthes_rhomboidea	1000000
Micranthes_rufidula	0000010
Micranthes_sachalinensis	0000001
Micranthes_spicata	0000010
Micranthes_stellaris	0000010
Micranthes_subapetala	0000010
Micranthes_tempestiva	0000001
Micranthes_tenuis	0001000
Micranthes_texana	0000010
Micranthes_tolmiei	0000001
Micranthes_virginiensis	0000001
Mitella_breweri	0000010
Mitella_caulescens	0010000
Mitella_diphylla	0000010
Mitella_diversifolia	1000000
Mitella_formosana	0000010
Mitella_furusei	0001000
Mitella_japonica	0000010
Mitella_koshiensis	1000000
Mitella_nuda	0000001
Mitella_ovalis	1000000
Mitella_pauciflora	0000001
Mitella_pentandra	0000010
Mitella_stauropetala	0001000
Mitella_stylosa	0000010
Mitella_trifida	0010000
Molinadendron_guatemalense	1000000
Molinadendron_sinaloense	1000000
Monanthes_anagensis	0000001
Monanthes_brachycaulos	0000010
Monanthes_icterica	0010000
Monanthes_laxiflora	0000001
Monanthes_minima	1000000
Monanthes_muralis	0000001
Monanthes_polyphylla	0000010
Myriophyllum_alpinum	0000010
Myriophyllum_alterniflorum	1000000
Myriophyllum_amphibium	1000000
Myriophyllum_aquaticum	0001000
Myriophyllum_balladoniense	0001000
Myriophyllum_caput-medusae	0001000
Myriophyllum_coronatum	0001000
Myriophyllum_crispatum	0001000
Myriophyllum_decussatum	1000000
Myriophyllum_dicoccum	0000100
Myriophyllum_drummondii	0001000
Myriophyllum_echinatum	0000100
Myriophyllum_farwellii	0010000
Myriophyllum_filiforme	0010000
Myriophyllum_heterophyllum	0010000
Myriophyllum_hippuroides	0010000
Myriophyllum_humile	0010000
Myriophyllum_lapidicola	0000100
Myriophyllum_latifolium	0100000
Myriophyllum_laxum	0001000
Myriophyllum_limnophilum	0100000
Myriophyllum_lophatum	1000000
Myriophyllum_mattogrossensis	0100000
Myriophyllum_muricatum	0100000
Myriophyllum_papillosum	0100000
Myriophyllum_pedunculatum	0100000
Myriophyllum_petraeum	0100000
Myriophyllum_pinnatum	0100000
Myriophyllum_propinquum	0001000
Myriophyllum_quitense	1000000
Myriophyllum_robustum	0000100
Myriophyllum_salsugineum	0001000
Myriophyllum_sibiricum	0100000
Myriophyllum_simulans	0001000
Myriophyllum_spicatum	0010000
Myriophyllum_tenellum	0001000
Myriophyllum_tillaeoides	1000000
Myriophyllum_trachycarpum	0100000
Myriophyllum_trifidum	0001000
Myriophyllum_triphyllum	0100000
Myriophyllum_ussuriense	1000000
Myriophyllum_variifolium	0100000
Myriophyllum_verrucosum	0000100
Myriophyllum_verticillatum	0001000
Myriophyllum_votschii	0001000
Mytilaria_laosensis	0100000
Neostrearia_fleckeri	0000100
Noahdendron_nicholasii	0001000
Oresitrophe_rupifraga	0000100
Orostachys_chanetii	0100000
Orostachys_fimbriata	0001000
Orostachys_gorovoii	1000000
Orostachys_japonica	0001000
Orostachys_malacophylla	0001000
Orostachys_paradoxa	0001000
Orostachys_schoenlandii	0001000
Orostachys_spinosa	0000001
Orostachys_thyrsiflora	0010000
Ostrearia_australiana	0001000
Pachyphytum_caesium	0001000
Pachyphytum_compactum	0000100
Pachyphytum_fittkaui	1000000
Pachyphytum_glutinicaule	0001000
Pachyphytum_hookeri	0100000
Pachyphytum_kimnachii	0001000
Pachyphytum_oviferum	0100000
Pachyphytum_viride	1000000
Paeonia_anomala	0100000
Paeonia_arietina	0000100
Paeonia_broteri	0000100
Paeonia_brownii	0000100
Paeonia_californica	0000100
Paeonia_cambessedesii	0100000
Paeonia_caucasica	0001000
Paeonia_clusii	0001000
Paeonia_coriacea	0000100
Paeonia_daurica	0100000
Paeonia_decomposita	0010000
Paeonia_delavayi	0010000
Paeonia_emodi	0000100
Paeonia_intermedia	0000100
Paeonia_jishanensis	0000100
Paeonia_lactiflora	0000100
Paeonia_ludlowii	0000100
Paeonia_macrophylla	0000100
Paeonia_mairei	0000100
Paeonia_mascula	0000100
Paeonia_morisii	0000100
Paeonia_obovata	0000100
Paeonia_officinalis	0000100
Paeonia_ostii	0000100
Paeonia_parnassica	0000100
Paeonia_peregrina	0000100
Paeonia_rockii	0000100
Paeonia_szechuanica	0000100
Paeonia_tenuifolia	1000000
Paeonia_veitchii	1000000
Paeonia_wittmanniana	0000100
Parrotia_persica	0000100
Parrotia_subaequalis	0000100
Parrotiopsis_jacquemontiana	0100000
Peltoboykinia_tellimoides	0000100
Penthorum_chinense	0000100
Penthorum_sedoides	0000100
Peridiscus_lucidus	0000100
Phedimus_aizoon	1000000
Phedimus_hybridus	0000100
Phedimus_kamtschaticus	0000100
Phedimus_obtusifolius	0000100
Phedimus_spurius	0000100
Phedimus_stellatus	0000100
Phedimus_stoloniferus	0000100
Pistorinia_breviflora	0000100
Pistorinia_hispanica	0000001
Prometheum_chrysanthum	0001000
Prometheum_pilosum	0001000
Prometheum_sempervivoides	1000000
Proserpinaca_palustris	0010000
Proserpinaca_pectinata	0010000
Pseudosedum_condensatum	1000000
Pseudosedum_lievenii	0100000
Pseudosedum_longidentatum	0001000
Pterostemon_mexicanus	1000000
Pterostemon_rotundifolius	0000100
Rhodiola_algida	0000100
Rhodiola_alsia	0100000
Rhodiola_amabilis	0000001
Rhodiola_atsaensis	1000000
Rhodiola_atuntsuensis	1000000
Rhodiola_bupleuroides	1000000
Rhodiola_calliantha	0000100
Rhodiola_chrysanthemifolia	0000100
Rhodiola_coccinea	1000000
Rhodiola_crenulata	0010000
Rhodiola_cretinii	0001000
Rhodiola_discolor	0100000
Rhodiola_dumulosa	0000100
Rhodiola_fastigiata	0100000
Rhodiola_gelida	0010000
Rhodiola_heterodonta	0100000
Rhodiola_himalensis	0010000
Rhodiola_hobsonii	0000100
Rhodiola_humilis	1000000
Rhodiola_imbricata	0000001
Rhodiola_integrifolia	1000000
Rhodiola_ishidae	0000100
Rhodiola_kirilowii	0001000
Rhodiola_macrocarpa	0001000
Rhodiola_nobilis	0001000
Rhodiola_pachyclados	1000000
Rhodiola_pamiroalaica	1000000
Rhodiola_prainii	0100000
Rhodiola_primuloides	0010000
Rhodiola_purpureoviridis	0001000
Rhodiola_quadrifida	1000000
Rhodiola_recticaulis	0010000
Rhodiola_rhodantha	1000000
Rhodiola_rosea	1000000
Rhodiola_semenovii	0000001
Rhodiola_serrata	0100000
Rhodiola_sherriffii	0000100
Rhodiola_sinuata	0000100
Rhodiola_smithii	0001000
Rhodiola_stapfii	0000100
Rhodiola_tangutica	1000000
Rhodiola_tibetica	0000100
Rhodiola_wallichiana	0000100
Rhodiola_yunnanensis	0000100
Rhodoleia_championii	1000000
Rhodoleia_henryi	1000000
Ribes_aciculare	0000100
Ribes_affine	0100000
Ribes_alpestre	1000000
Ribes_alpinum	0000100
Ribes_altissimum	1000000
Ribes_amarum	0000100
Ribes_americanum	0000100
Ribes_andicola	1000000
Ribes_aureum	0001000
Ribes_binominatum	0000001
Ribes_bracteosum	0100000
Ribes_brandegeei	0000100
Ribes_burejense	1000000
Ribes_californicum	0000001
Ribes_cereum	0100000
Ribes_ceriferum	0001000
Ribes_ciliatum	1000000
Ribes_curvatum	0000100
Ribes_cynosbati	0100000
Ribes_densiflorum	0001000
Ribes_diacanthum	0000100
Ribes_divaricatum	0001000
Ribes_dugesii	0010000
Ribes_echinellum	1000000
Ribes_erythrocarpum	1000000
Ribes_fasciculatum	0100000
Ribes_formosanum	0000100
Ribes_giraldii	1000000
Ribes_glaciale	0000100
Ribes_glandulosum	1000000
Ribes_graveolens	0010000
Ribes_griffithii	0100000
Ribes_himalense	0100000
Ribes_hirtellum	0010000
Ribes_horridum	0000100
Ribes_howellii	0100000
Ribes_hudsonianum	0100000
Ribes_humile	0100000
Ribes_indecorum	0000100
Ribes_inerme	1000000
Ribes_janczewskii	0010000
Ribes_komarovii	0000100
Ribes_laciniatum	0100000
Ribes_lacustre	0001000
Ribes_laxiflorum	0000001
Ribes_lobbii	0100000
Ribes_longeracemosum	0001000
Ribes_malvaceum	1000000
Ribes_mandshuricum	0100000
Ribes_maximowiczianum	0100000
Ribes_maximowiczii	0000100
Ribes_menziesii	0001000
Ribes_meyeri	0000100
Ribes_missouriense	1000000
Ribes_montigenum	0001000
Ribes_moupinense	0000100
Ribes_multiflorum	0000100
Ribes_nigrum	0000100
Ribes_niveum	0000100
Ribes_orientale	0100000
Ribes_ovalifolium	0100000
Ribes_oxyacanthoides	0100000
Ribes_petraeum	0100000
Ribes_roezlii	1000000
Ribes_rotundifolium	1000000
Ribes_rubrisepalum	1000000
Ribes_rubrum	1000000
Ribes_sanguineum	0000100
Ribes_sinanense	1000000
Ribes_speciosum	0000100
Ribes_spicatum	0010000
Ribes_stenocarpum	1000000
Ribes_takare	1000000
Ribes_tenue	0100000
Ribes_thacherianum	0010000
Ribes_tortuosum	1000000
Ribes_triste	0000100
Ribes_uva-crispa	0000100
Ribes_valdivianum	1000000
Ribes_velutinum	1000000
Ribes_viburnifolium	1000000
Ribes_villosum	1000000
Ribes_vilmorinii	0000100
Ribes_viscosissimum	0000100
Ribes_watsonianum	0100000
Ribes_wolfii	1000000
Rodgersia_aesculifolia	0001000
Rodgersia_nepalensis	1000000
Rodgersia_pinnata	1000000
Rodgersia_podophylla	1000000
Rodgersia_sambucifolia	0010000
Rosularia_adenotricha	1000000
Rosularia_alpestris	0000100
Rosularia_glabra	0010000
Rosularia_lineata	0100000
Rosularia_modesta	0000100
Rosularia_platyphylla	1000000
Rosularia_rosulata	1000000
Rosularia_serrata	1000000
Saxifraga_adscendens	0001000
Saxifraga_afghanica	1000000
Saxifraga_aizoides	1000000
Saxifraga_aleutica	1000000
Saxifraga_alpigena	0000100
Saxifraga_andersonii	0100000
Saxifraga_androsacea	1000000
Saxifraga_angustata	1000000
Saxifraga_aphylla	1000000
Saxifraga_aquatica	0000100
Saxifraga_arachnoidea	0010000
Saxifraga_aretioides	0000100
Saxifraga_aristulata	0010000
Saxifraga_aspera	1000000
Saxifraga_aurantiaca	0000100
Saxifraga_auriculata	0000100
Saxifraga_babiana	0000100
Saxifraga_balfourii	0000100
Saxifraga_bergenioides	0000100
Saxifraga_biflora	0000100
Saxifraga_biternata	0100000
Saxifraga_bourgaeana	1000000
Saxifraga_brachyphylla	1000000
Saxifraga_brachypoda	1000000
Saxifraga_bracteata	1000000
Saxifraga_bronchialis	1000000
Saxifraga_brunneopunctata	0000100
Saxifraga_brunonis	0000100
Saxifraga_bryoides	0000100
Saxifraga_bulbifera	1000000
Saxifraga_bulleyana	0000100
Saxifraga_burseriana	0000100
Saxifraga_caesia	0000100
Saxifraga_callosa	1000000
Saxifraga_camposii	0010000
Saxifraga_canaliculata	0001000
Saxifraga_candelabrum	0100000
Saxifraga_cardiophylla	0000100
Saxifraga_carpatica	0010000
Saxifraga_carpetana	0100000
Saxifraga_cartilaginea	0001000
Saxifraga_caulescens	0000100
Saxifraga_caveana	1000000
Saxifraga_cebennensis	1000000
Saxifraga_cernua	0001000
Saxifraga_cespitosa	1000000
Saxifraga_cherlerioides	0000100
Saxifraga_chionophila	0010000
Saxifraga_chrysantha	0100000
Saxifraga_chrysanthoides	0000100
Saxifraga_ciliatopetala	0000100
Saxifraga_cinerascens	1000000
Saxifraga_cintrana	0000100
Saxifraga_cochlearis	0100000
Saxifraga_congestiflora	0000100
Saxifraga_conifera	0000100
Saxifraga_consanguinea	0000100
Saxifraga_continentalis	0001000
Saxifraga_cordigera	0000100
Saxifraga_corsica	0000100
Saxifraga_corymbosa	1000000
Saxifraga_cotyledon	1000000
Saxifraga_crustata	0000100
Saxifraga_culcitosa	0000001
Saxifraga_cuneata	1000000
Saxifraga_cuneifolia	1000000
Saxifraga_cymbalaria	0000100
Saxifraga_decora	0000100
Saxifraga_densifoliata	0000100
Saxifraga_dianxibeiensis	0000100
Saxifraga_diapensia	1000000
Saxifraga_diapensioides	0001000
Saxifraga_dichotoma	0000100
Saxifraga_dielsiana	0000100
Saxifraga_diversifolia	1000000
Saxifraga_drabiformis	0000100
Saxifraga_duthiei	0000100
Saxifraga_egregia	0000100
Saxifraga_elliptica	0000100
Saxifraga_engleriana	1000000
Saxifraga_erioblasta	1000000
Saxifraga_eschscholtzii	0001000
Saxifraga_exarata	0100000
Saxifraga_facchinii	0000100
Saxifraga_federici-augusti	0000100
Saxifraga_felineri	0001000
Saxifraga_ferdinandi-coburgi	0000100
Saxifraga_filicaulis	0000100
Saxifraga_filifolia	0000100
Saxifraga_finitima	0000100
Saxifraga_firma	1000000
Saxifraga_flagellaris	0000001
Saxifraga_flexilis	0000100
Saxifraga_florulenta	0000100
Saxifraga_forrestii	0100000
Saxifraga_fortunei	0000100
Saxifraga_fragilis	0100000
Saxifraga_gedangensis	1000000
Saxifraga_gemmigera	0100000
Saxifraga_gemmipara	1000000
Saxifraga_gemmulosa	0000100
Saxifraga_genesiana	0001000
Saxifraga_georgei	1000000
Saxifraga_geranioides	0000100
Saxifraga_giraldiana	0000100
Saxifraga_glacialis	0100000
Saxifraga_glaucophylla	0000100
Saxifraga_globulifera	0000100
Saxifraga_gouldii	0000100
Saxifraga_granulata	1000000
Saxifraga_granulifera	1000000
Saxifraga_haenseleri	0000100
Saxifraga_hariotii	0000001
Saxifraga_hederacea	0000100
Saxifraga_heleonastes	0000100
Saxifraga_hemisphaerica	1000000
Saxifraga_hengduanensis	0001000
Saxifraga_heterotricha	1000000
Saxifraga_hirculoides	0000100
Saxifraga_hirculus	0000100
Saxifraga_hirsuta	0001000
Saxifraga_hispidula	0000100
Saxifraga_hookeri	0000100
Saxifraga_hostii	1000000
Saxifraga_hyperborea	1000000
Saxifraga_hypericoides	0000100
Saxifraga_hypnoides	0000100
Saxifraga_imparilis	0001000
Saxifraga_implicans	1000000
Saxifraga_insolens	1000000
Saxifraga_intricata	0000100
Saxifraga_irrigua	0000100
Saxifraga_isophylla	0000001
Saxifraga_jacquemontiana	0000100
Saxifraga_kingdonii	1000000
Saxifraga_kingiana	0000100
Saxifraga_kolenatiana	0000100
Saxifraga_kotschyi	0000100
Saxifraga_kruhsiana	1000000
Saxifraga_latepetiolata	0000100
Saxifraga_likiangensis	0000100
Saxifraga_lilacina	1000000
Saxifraga_linearifolia	0000100
Saxifraga_litangensis	0000100
Saxifraga_llonakhensis	1000000
Saxifraga_longifolia	0000100
Saxifraga_losae	0000100
Saxifraga_lowndesii	0000100
Saxifraga_lychnitis	1000000
Saxifraga_macrostigmatoides	1000000
Saxifraga_maderensis	1000000
Saxifraga_magellanica	0100000
Saxifraga_marginata	0100000
Saxifraga_mengtzeana	0000100
Saxifraga_mertensiana	1000000
Saxifraga_microgyna	0000100
Saxifraga_microphylla	1000000
Saxifraga_moncayensis	0000100
Saxifraga_montanella	0100000
Saxifraga_moorcroftiana	0000100
Saxifraga_mucronulata	0000100
Saxifraga_mucronulatoides	1000000
Saxifraga_mutata	1000000
Saxifraga_nanella	0000100
Saxifraga_nervosa	0000100
Saxifraga_nevadensis	0000100
Saxifraga_nigroglandulifera	0100000
Saxifraga_nipponica	1000000
Saxifraga_omolojensis	1000000
Saxifraga_omphalodifolia	1000000
Saxifraga_oppositifolia	0000100
Saxifraga_oreophila	0000100
Saxifraga_oresbia	0000100
Saxifraga_osloensis	0001000
Saxifraga_paniculata	0000100
Saxifraga_paradoxa	1000000
Saxifraga_parnassifolia	0000100
Saxifraga_parva	0000100
Saxifraga_pasumensis	0000100
Saxifraga_pedemontana	0000100
Saxifraga_pentadactylis	0000100
Saxifraga_peplidifolia	0000100
Saxifraga_perpusilla	1000000
Saxifraga_petraea	1000000
Saxifraga_pilifera	0000100
Saxifraga_poluniniana	1000000
Saxifraga_porophylla	0010000
Saxifraga_praetermissa	1000000
Saxifraga_prattii	0001000
Saxifraga_presolanensis	1000000
Saxifraga_przewalskii	0000100
Saxifraga_pseudohirculus	0000100
Saxifraga_pubescens	1000000
Saxifraga_pulchra	0000100
Saxifraga_pulvinaria	0000100
Saxifraga_punctulata	0000100
Saxifraga_radiata	1000000
Saxifraga_repanda	0001000
Saxifraga_retusa	0000100
Saxifraga_reuteriana	1000000
Saxifraga_rigoi	0000100
Saxifraga_rivularis	0000100
Saxifraga_rosacea	0000100
Saxifraga_rotundifolia	0100000
Saxifraga_roylei	0000100
Saxifraga_rudolphiana	0000100
Saxifraga_rufescens	0000100
Saxifraga_saginoides	0000100
Saxifraga_sancta	0000100
Saxifraga_sanguinea	1000000
Saxifraga_scardica	0100000
Saxifraga_scleropoda	0100000
Saxifraga_sediformis	0100000
Saxifraga_sedoides	1000000
Saxifraga_seguieri	0000001
Saxifraga_sempervivum	0010000
Saxifraga_sendaica	0100000
Saxifraga_serpyllifolia	0100000
Saxifraga_sibirica	1000000
Saxifraga_sibthorpii	0010000
Saxifraga_signata	0001000
Saxifraga_signatella	0010000
Saxifraga_sinomontana	1000000
Saxifraga_spathularis	0000010
Saxifraga_sphaeradena	1000000
Saxifraga_spinulosa	1000000
Saxifraga_squarrosa	0100000
Saxifraga_stella-aurea	0100000
Saxifraga_stolitzkae	0010000
Saxifraga_stolonifera	0000100
Saxifraga_stribrnyi	0010000
Saxifraga_strigosa	0010000
Saxifraga_styriaca	0010000
Saxifraga_subaequifoliata	0010000
Saxifraga_subsessiliflora	0010000
Saxifraga_substrigosa	1000000
Saxifraga_subverticillata	1000000
Saxifraga_tangutica	0001000
Saxifraga_tatsienluensis	0010000
Saxifraga_taygetea	0100000
Saxifraga_taylorii	0010000
Saxifraga_tenella	0010000
Saxifraga_tibetica	1000000
Saxifraga_tombeanensis	0010000
Saxifraga_triaristulata	0000010
Saxifraga_tricuspidata	0010000
Saxifraga_tridactylites	0100000
Saxifraga_trifurcata	0010000
Saxifraga_tsangchanensis	0010000
Saxifraga_umbellulata	0010000
Saxifraga_umbrosa	0010000
Saxifraga_unguiculata	0010000
Saxifraga_unguipetala	0000001
Saxifraga_uninervia	1000000
Saxifraga_valdensis	0010000
Saxifraga_vayredana	0010000
Saxifraga_versicallosa	0010000
Saxifraga_vespertina	0010000
Saxifraga_wahlenbergii	0010000
Saxifraga_wallichiana	1000000
Saxifraga_wardii	0010000
Saxifraga_wendelboi	0000100
Saxifraga_yarlungzangboensis	0100000
Saxifraga_yezhiensis	0010000
Saxifraga_zimmermannii	0100000
Saxifragella_bicuspidata	0001000
Saxifragodes_albowiana	0100000
Saxifragopsis_fragarioides	1000000
Sedella_pumila	0010000
Sedum_acre	0100000
Sedum_adolphii	1000000
Sedum_alamosanum	0001000
Sedum_album	0010000
Sedum_alexanderi	0001000
Sedum_alfredii	0010000
Sedum_allantoides	0001000
Sedum_alpestre	0000100
Sedum_amplexicaule	0010000
Sedum_andinum	0000001
Sedum_anglicum	0000100
Sedum_annuum	0010000
Sedum_apoleipon	0000001
Sedum_atratum	1000000
Sedum_baileyi	0010000
Sedum_batesii	0010000
Sedum_bergeri	0010000
Sedum_bourgaei	0001000
Sedum_brevifolium	0010000
Sedum_bulbiferum	0010000
Sedum_caducum	1000000
Sedum_caeruleum	0001000
Sedum_caespitosum	0010000
Sedum_candollei	1000000
Sedum_carinatifolium	0010000
Sedum_catorce	0010000
Sedum_celatum	0010000
Sedum_cepaea	0010000
Sedum_chauveaudii	0001000
Sedum_chazaroi	0001000
Sedum_chloropetalum	0000100
Sedum_churchillianum	0000001
Sedum_clavatum	0010000
Sedum_cockerellii	0100000
Sedum_commixtum	0010000
Sedum_correptum	0010000
Sedum_corynephyllum	1000000
Sedum_cymatopetalum	1000000
Sedum_dasyphyllum	0100000
Sedum_debile	1000000
Sedum_dendroideum	0100000
Sedum_diffusum	1000000
Sedum_divergens	0000100
Sedum_drymarioides	0010000
Sedum_ebracteatum	0000100
Sedum_elatinoides	0001000
Sedum_emarginatum	0000100
Sedum_eriocarpum	0001000
Sedum_erythrospermum	1000000
Sedum_fischeri	0010000
Sedum_formosanum	0010000
Sedum_forrestii	1000000
Sedum_forsterianum	0000100
Sedum_fragrans	0100000
Sedum_frutescens	0001000
Sedum_furfuraceum	1000000
Sedum_fuscum	0010000
Sedum_fusiforme	0001000
Sedum_gagei	0000001
Sedum_glaebosum	0100000
Sedum_glaucophyllum	0000001
Sedum_gracile	1000000
Sedum_grandyi	1000000
Sedum_greggii	0010000
Sedum_grisebachii	0100000
Sedum_griseum	0001000
Sedum_guatemalense	0010000
Sedum_gypsicola	0001000
Sedum_gypsophilum	0010000
Sedum_hakonense	0100000
Sedum_hemsleyanum	0010000
Sedum_hintonii	0000001
Sedum_hirsutum	0010000
Sedum_hispanicum	0001000
Sedum_hultenii	0010000
Sedum_humifusum	0010000
Sedum_jaccardianum	0000100
Sedum_jaliscanum	1000000
Sedum_japonicum	0000100
Sedum_jurgensenii	0001000
Sedum_laconicum	0000100
Sedum_lagascae	1000000
Sedum_lanceolatum	1000000
Sedum_lancerottense	0010000
Sedum_liebmannianum	0000001
Sedum_lineare	0010000
Sedum_longipes	0100000
Sedum_magellense	0010000
Sedum_makinoi	0100000
Sedum_mexicanum	0010000
Sedum_meyeri-johannis	0100000
Sedum_microcarpum	0000100
Sedum_modestum	0001000
Sedum_montanum	1000000
Sedum_moranense	0000001
Sedum_morganianum	0100000
Sedum_morrisonense	0001000
Sedum_mucizonia	0010000
Sedum_multicaule	0100000
Sedum_nokoense	0010000
Sedum_nudum	0010000
Sedum_nussbaumerianum	0001000
Sedum_oaxacanum	0100000
Sedum_obcordatum	0010000
Sedum_obtrullatum	0001000
Sedum_obtusatum	0001000
Sedum_obtusipetalum	0010000
Sedum_ochroleucum	0010000
Sedum_onychopetalum	0010000
Sedum_oreades	0000001
Sedum_oreganum	0000100
Sedum_oregonense	0010000
Sedum_oxypetalum	0000100
Sedum_pacense	0001000
Sedum_pallidum	0100000
Sedum_palmeri	1000000
Sedum_platysepalum	0100000
Sedum_polytrichoides	1000000
Sedum_pruinatum	1000000
Sedum_przewalskii	0000100
Sedum_quevae	1000000
Sedum_reniforme	1000000
Sedum_retusum	1000000
Sedum_roborowskii	1000000
Sedum_rupestre	0000100
Sedum_ruwenzoriense	1000000
Sedum_sarmentosum	0000100
Sedum_sediforme	0010000
Sedum_sexangulare	0000100
Sedum_spathulifolium	0001000
Sedum_stefco	0000001
Sedum_stellariifolium	0000001
Sedum_stelliforme	0000001
Sedum_stenopetalum	0000001
Sedum_subtile	1000000
Sedum_subulatum	0000100
Sedum_tenellum	0000001
Sedum_ternatum	0000001
Sedum_treleasei	1000000
Sedum_triactina	0000100
Sedum_trichromum	0000001
Sedum_trullipetalum	0010000
Sedum_tsinghaicum	0010000
Sedum_ulricae	0010000
Sedum_uniflorum	0001000
Sedum_ursi	0001000
Sedum_urvillei	1000000
Sedum_versadense	1000000
Sedum_villosum	0010000
Sedum_vinicolor	0010000
Sedum_wrightii	0000010
Semiliquidambar_cathayensis	0000010
Sempervivum_arachnoideum	0000010
Sempervivum_armenum	0000010
Sempervivum_atropatanum	0000010
Sempervivum_brevipilum	0000010
Sempervivum_calcareum	0000010
Sempervivum_cantabricum	0000010
Sempervivum_caucasicum	0000010
Sempervivum_davisii	0000010
Sempervivum_giuseppii	0000010
Sempervivum_globiferum	0000010
Sempervivum_grandiflorum	0000010
Sempervivum_heuffelii	0000010
Sempervivum_iranicum	0000010
Sempervivum_leucanthum	0000010
Sempervivum_marmoreum	0000010
Sempervivum_minutum	0000010
Sempervivum_montanum	0000010
Sempervivum_pittonii	0000010
Sempervivum_pumilum	0000010
Sempervivum_ruthenicum	0000010
Sempervivum_tectorum	0000010
Sempervivum_transcaucasicum	0000010
Sempervivum_wulfenii	0000010
Sinocrassula_densirosulata	0000010
Sinocrassula_indica	0000010
Sinocrassula_yunnanensis	0000010
Sinowilsonia_henryi	0000010
Soyauxia_floribunda	0000010
Soyauxia_ledermannii	0100000
Soyauxia_talbotii	0100000
Suksdorfia_ranunculifolia	0100000
Suksdorfia_violacea	0100000
Sullivantia_hapemanii	0100000
Sullivantia_oregana	0010000
Sullivantia_sullivantii	0010000
Sycopsis_sinensis	0010000
Tanakaea_radicans	0010000
Telesonix_heucheriformis	0010000
Telesonix_jamesii	0010000
Tellima_grandiflora	0000100
Tetracarpaea_tasmanica	0010000
Thompsonella_garcia-mendozae	0010000
Thompsonella_minutiflora	0010000
Thompsonella_mixtecana	0010000
Thompsonella_nellydiegoae	0010000
Thompsonella_platyphylla	0010000
Thompsonella_spathulata	0010000
Thompsonella_xochipalensis	0010000
Tiarella_cordifolia	0010000
