Adromischus_alstonii,5
Adromischus_bicolor,5
Adromischus_caryophyllaceus,5
Adromischus_cooperi,5
Adromischus_cristatus,5
Adromischus_diabolicus,5
Adromischus_fallax,5
Adromischus_filicaulis,5
Adromischus_hemisphaericus,5
Adromischus_humilis,5
Adromischus_inamoenus,5
Adromischus_leucophyllus,5
Adromischus_liebenbergii,5
Adromischus_maculatus,5
Adromischus_mammillaris,5
Adromischus_marianiae,5
Adromischus_maximus,5
Adromischus_montium-klinghardtii,5
Adromischus_nanus,5
Adromischus_phillipsiae,5
Adromischus_roaneanus,5
Adromischus_schuldtianus,5
Adromischus_sphenophyllus,5
Adromischus_subdistichus,5
Adromischus_subviridis,5
Adromischus_triflorus,5
Adromischus_trigynus,5
Adromischus_umbraticola,5
Aeonium_aizoon,1
Aeonium_appendiculatum,1
Aeonium_arboreum,1
Aeonium_aureum,1
Aeonium_balsamiferum,1
Aeonium_caespitosum,1
Aeonium_canariense,1
Aeonium_castello-paviae,1
Aeonium_ciliatum,1
Aeonium_cuneatum,1
Aeonium_davidbramwellii,1
Aeonium_decorum,1
Aeonium_diplocyclum,1
Aeonium_dodrantale,1
Aeonium_dodrantalis,1
Aeonium_glandulosum,1
Aeonium_glutinosum,1
Aeonium_gomerense,1
Aeonium_goochiae,1
Aeonium_haworthii,1
Aeonium_hierrense,1
Aeonium_korneliuslemsii,2
Aeonium_lancerottense,1
Aeonium_leucoblepharum,1
Aeonium_lindleyi,1
Aeonium_nobile,1
Aeonium_percarneum,1
Aeonium_pseudourbicum,1
Aeonium_rubrolineatum,1
Aeonium_saundersii,1
Aeonium_sedifolium,1
Aeonium_simsii,1
Aeonium_smithii,1
Aeonium_spathulatum,1
Aeonium_subplanum,1
Aeonium_tabuliforme,2
Aeonium_undulatum,1
Aeonium_urbicum,1
Aeonium_valverdense,1
Afrovivella_semiensis,1
Aichryson_bethencourtianum,1
Aichryson_bituminosum,1
Aichryson_bollei,1
Aichryson_brevipetalum,1
Aichryson_divaricatum,1
Aichryson_dumosum,1
Aichryson_gonzalezhernandezii,1
Aichryson_laxum,1
Aichryson_pachycaulon,1
Aichryson_palmense,3
Aichryson_parlatorei,2
Aichryson_porphyrogennetos,3
Aichryson_punctatum,6
Aichryson_tortuosum,5
Aichryson_villosum,6
Altingia_chinensis,3
Altingia_excelsa,3
Altingia_gracilipes,0
Altingia_siamensis,3
Aphanopetalum_clematideum,3
Aphanopetalum_resinosum,3
Astilbe_biternata,6
Astilbe_chinensis,3
Astilbe_formosa,6
Astilbe_fujisanensis,3
Astilbe_grandis,3
Astilbe_hachijoensis,6
Astilbe_japonica,6
Astilbe_longicarpa,0
Astilbe_macrocarpa,3
Astilbe_macroflora,3
Astilbe_microphylla,3
Astilbe_odontophylla,3
Astilbe_papuana,3
Astilbe_philippinensis,3
Astilbe_platyphylla,0
Astilbe_rivularis,0
Astilbe_rubra,0
Astilbe_shikokiana,3
Astilbe_simplicifolia,0
Astilbe_thunbergii,3
Astilboides_tabularis,4
Bensoniella_oregona,4
Bergenia_ciliata,3
Bergenia_crassifolia,0
Bergenia_emeiensis,0
Bergenia_pacifica,3
Bergenia_pacumbis,0
Bergenia_purpurascens,0
Bergenia_stracheyi,0
Bergenia_tianquanensis,1
Bolandra_californica,0
Bolandra_oregana,1
Boykinia_aconitifolia,0
Boykinia_intermedia,3
Boykinia_lycoctonifolia,0
Boykinia_major,2
Boykinia_occidentalis,3
Boykinia_richardsonii,3
Boykinia_rotundifolia,0
Cascadia_nuttallii,0
Cercidiphyllum_japonicum,0
Cercidiphyllum_magnificum,4
Choristylis_rhamnoides,3
Chrysosplenium_absconditicapsulum,4
Chrysosplenium_album,3
Chrysosplenium_alpinum,3
Chrysosplenium_alternifolium,3
Chrysosplenium_americanum,3
Chrysosplenium_axillare,0
Chrysosplenium_biondianum,3
Chrysosplenium_carnosum,3
Chrysosplenium_cavaleriei,3
Chrysosplenium_chinense,4
Chrysosplenium_davidianum,4
Chrysosplenium_delavayi,3
Chrysosplenium_dubium,0
Chrysosplenium_echinus,3
Chrysosplenium_fauriae,3
Chrysosplenium_flagelliferum,4
Chrysosplenium_forrestii,6
Chrysosplenium_fuscopuncticulosum,3
Chrysosplenium_giraldianum,0
Chrysosplenium_glechomifolium,3
Chrysosplenium_glossophyllum,0
Chrysosplenium_grayanum,3
Chrysosplenium_griffithii,6
Chrysosplenium_hebetatum,3
Chrysosplenium_hydrocotylifolium,3
Chrysosplenium_iowense,3
Chrysosplenium_japonicum,3
Chrysosplenium_kamtschaticum,4
Chrysosplenium_kiotense,0
Chrysosplenium_lanuginosum,3
Chrysosplenium_macranthum,0
Chrysosplenium_macrophyllum,3
Chrysosplenium_macrostemon,0
Chrysosplenium_microspermum,0
Chrysosplenium_nepalense,0
Chrysosplenium_nudicaule,3
Chrysosplenium_oppositifolium,0
Chrysosplenium_oxygraphoides,3
Chrysosplenium_pilosum,4
Chrysosplenium_ramosum,4
Chrysosplenium_rhabdospermum,0
Chrysosplenium_rimosum,0
Chrysosplenium_rosendahlii,2
Chrysosplenium_schagae,0
Chrysosplenium_serreanum,2
Chrysosplenium_sikangense,3
Chrysosplenium_sinicum,3
Chrysosplenium_tetrandrum,3
Chrysosplenium_tosaense,3
Chrysosplenium_trichospermum,3
Chrysosplenium_uniflorum,6
Chrysosplenium_valdivicum,3
Chrysosplenium_wrightii,3
Chunia_bucklandioides,3
Conimitella_williamsii,3
Corylopsis_brevistyla,6
Corylopsis_glabrescens,3
Corylopsis_glandulifera,3
Corylopsis_glaucescens,3
Corylopsis_gotoana,3
Corylopsis_henryi,3
Corylopsis_himalayana,6
Corylopsis_microcarpa,6
Corylopsis_multiflora,3
Corylopsis_obovata,2
Corylopsis_omeiensis,3
Corylopsis_pauciflora,3
Corylopsis_platypetala,3
Corylopsis_rotundifolia,2
Corylopsis_sinensis,5
Corylopsis_spicata,5
Corylopsis_stelligera,5
Corylopsis_stenopetala,5
Corylopsis_trabeculosa,5
Corylopsis_veitchiana,5
Corylopsis_velutina,5
Corylopsis_willmottiae,5
Corylopsis_wilsonii,2
Corylopsis_yui,1
Corylopsis_yunnanensis,2
Cotyledon_adscendens,5
Cotyledon_barbeyi,5
Cotyledon_campanulata,2
Cotyledon_cuneata,5
Cotyledon_eliseae,2
Cotyledon_papillaris,5
Cotyledon_tomentosa,0
Cotyledon_velutina,5
Cotyledon_woodii,5
Crassula_acinaciformis,5
Crassula_alata,5
Crassula_alba,5
Crassula_alcicornis,5
Crassula_alpestris,5
Crassula_alticola,5
Crassula_ammophila,5
Crassula_ankaratrensis,5
Crassula_aphylla,5
Crassula_aquatica,5
Crassula_arborescens,5
Crassula_atropurpurea,1
Crassula_aurusbergensis,5
Crassula_ausensis,5
Crassula_badspoortensis,5
Crassula_barbata,1
Crassula_barklyi,5
Crassula_bergioides,5
Crassula_biplanata,5
Crassula_brachystachya,5
Crassula_brevifolia,2
Crassula_campestris,5
Crassula_capensis,1
Crassula_capitella,5
Crassula_chiloensis,5
Crassula_ciliata,2
Crassula_clavata,5
Crassula_closiana,5
Crassula_coccinea,2
Crassula_colligata,5
Crassula_colorata,2
Crassula_columella,5
Crassula_columnaris,5
Crassula_compacta,5
Crassula_congesta,5
Crassula_connata,5
Crassula_corallina,5
Crassula_cordata,5
Crassula_cordifolia,5
Crassula_cotyledonis,5
Crassula_cremnophila,3
Crassula_crenulata,5
Crassula_cultrata,5
Crassula_cymbiformis,5
Crassula_cymosa,5
Crassula_deceptor,5
Crassula_decumbens,5
Crassula_dejecta,5
Crassula_deltoidea,5
Crassula_dentata,5
Crassula_dependens,5
Crassula_depressa,5
Crassula_dichotoma,2
Crassula_dodii,5
Crassula_drummondii,5
Crassula_elatinoides,5
Crassula_elegans,2
Crassula_elsieae,2
Crassula_ericoides,5
Crassula_exilis,5
Crassula_expansa,2
Crassula_exserta,5
Crassula_extrorsa,5
Crassula_fallax,5
Crassula_fascicularis,5
Crassula_filiformis,5
Crassula_flanaganii,0
Crassula_flava,2
Crassula_foveata,5
Crassula_fragarioides,5
Crassula_fusca,5
Crassula_garibina,5
Crassula_gemmifera,5
Crassula_globularioides,5
Crassula_glomerata,5
Crassula_grammanthoides,2
Crassula_granvikii,2
Crassula_grisea,5
Crassula_helmsii,5
Crassula_hemisphaerica,6
Crassula_hirsuta,5
Crassula_hirtipes,5
Crassula_humbertii,5
Crassula_hunua,2
Crassula_inandensis,0
Crassula_inanis,2
Crassula_intermedia,5
Crassula_kirkii,5
Crassula_lactea,5
Crassula_lanceolata,5
Crassula_lanuginosa,5
Crassula_lasiantha,2
Crassula_latibracteata,5
Crassula_leachii,5
Crassula_longipes,5
Crassula_macowaniana,5
Crassula_manaia,2
Crassula_mataikona,5
Crassula_mesembrianthemopsis,2
Crassula_mesembryanthemoides,5
Crassula_micans,5
Crassula_minuta,5
Crassula_mollis,5
Crassula_montana,5
Crassula_morrumbalensis,5
Crassula_moschata,2
Crassula_multicaulis,2
Crassula_multicava,2
Crassula_multiceps,5
Crassula_multiflora,6
Crassula_muricata,5
Crassula_muscosa,5
Crassula_namaquensis,5
Crassula_natalensis,5
Crassula_natans,5
Crassula_nemorosa,5
Crassula_nudicaulis,5
Crassula_oblanceolata,5
Crassula_obovata,5
Crassula_obtusa,5
Crassula_orbicularis,0
Crassula_ovata,5
Crassula_pageae,5
Crassula_pallens,2
Crassula_papillosa,2
Crassula_peculiaris,2
Crassula_peduncularis,5
Crassula_pellucida,2
Crassula_peploides,5
Crassula_perfoliata,2
Crassula_perforata,5
Crassula_phascoides,2
Crassula_planifolia,5
Crassula_plegmatoides,5
Crassula_pruinosa,0
Crassula_pseudohemisphaerica,5
Crassula_pubescens,5
Crassula_pustulata,1
Crassula_pyramidalis,5
Crassula_rhodesica,5
Crassula_rogersii,5
Crassula_roggeveldii,5
Crassula_ruamahanga,5
Crassula_rubricaulis,5
Crassula_rudolfii,5
Crassula_rupestris,2
Crassula_saginoides,5
Crassula_sarcocaulis,5
Crassula_sarmentosa,2
Crassula_saxifraga,5
Crassula_scabra,5
Crassula_schimperi,5
Crassula_sebaeoides,1
Crassula_sediflora,5
Crassula_sericea,5
Crassula_setulosa,5
Crassula_sieberiana,5
Crassula_simulans,2
Crassula_sinclairii,2
Crassula_sladenii,1
Crassula_socialis,0
Crassula_solieri,5
Crassula_southii,2
Crassula_spathulata,2
Crassula_streyi,5
Crassula_strigosa,2
Crassula_subacaulis,2
Crassula_subaphylla,2
Crassula_subulata,1
Crassula_susannae,4
Crassula_swaziensis,3
Crassula_tabularis,6
Crassula_tecta,6
Crassula_tenuicaulis,3
Crassula_tenuipedicellata,2
Crassula_tetragona,3
Crassula_thunbergiana,6
Crassula_tillaea,6
Crassula_tomentosa,6
Crassula_tuberella,6
Crassula_umbella,3
Crassula_umbellata,6
Crassula_umbraticola,3
Crassula_vaginata,6
Crassula_vaillantii,3
Crassula_venezuelensis,6
Crassula_vestita,6
Crassula_viridis,3
Crassula_volkensii,6
Crassula_whiteheadii,3
Crassula_zombensis,6
Cremnophila_linguifolia,3
Cremnophila_nutans,6
Cynomorium_coccineum,3
Cynomorium_songaricum,6
Daphniphyllum_angustifolium,3
Daphniphyllum_borneense,1
Daphniphyllum_buchananiifolium,6
Daphniphyllum_calycinum,6
Daphniphyllum_cambodianum,2
Daphniphyllum_chartaceum,5
Daphniphyllum_dichotomum,6
Daphniphyllum_glaucescens,6
Daphniphyllum_gracile,6
Daphniphyllum_griffithianum,6
Daphniphyllum_himalense,6
Daphniphyllum_laurinum,6
Daphniphyllum_longeracemosum,3
Daphniphyllum_luzonense,6
Daphniphyllum_macropodum,6
Daphniphyllum_majus,3
Daphniphyllum_neilgherrense,3
Daphniphyllum_oldhamii,6
Daphniphyllum_papuanum,3
Daphniphyllum_paxianum,2
Daphniphyllum_pentandrum,3
Daphniphyllum_salicifolium,3
Daphniphyllum_scortechinii,3
Daphniphyllum_subverticillatum,3
Daphniphyllum_teijsmannii,3
Daphniphyllum_timorianum,3
Daphniphyllum_yunnanense,6
Darmera_peltata,3
Dicoryphe_ambatovyensis,3
Dicoryphe_angustifolia,3
Dicoryphe_buddleoides,3
Dicoryphe_gracilis,6
Dicoryphe_guatteriifolia,6
Dicoryphe_laurina,3
Dicoryphe_macrophylla,1
Dicoryphe_noronhae,5
Dicoryphe_platyphylla,5
Dicoryphe_stipulacea,5
Dicoryphe_viticoides,1
Disanthus_cercidifolius,1
Distyliopsis_dunnii,1
Distyliopsis_lanata,1
Distyliopsis_laurifolia,1
Distyliopsis_oblanceolata,1
Distyliopsis_philippinensis,5
Distyliopsis_tutcheri,1
Distylium_annamicum,1
Distylium_buxifolium,1
Distylium_chinense,1
Distylium_chungii,2
Distylium_cuspidatum,1
Distylium_dunnianum,1
Distylium_elaeagnoides,1
Distylium_gracile,2
Distylium_indicum,2
Distylium_lanceolatum,5
Distylium_lepidotum,2
Distylium_macrophyllum,1
Distylium_myricoides,1
Distylium_pingpienense,1
Distylium_racemosum,1
Distylium_stellare,1
Distylium_tsiangii,2
Dudleya_abramsii,2
Dudleya_acuminata,2
Dudleya_albiflora,2
Dudleya_anomala,2
Dudleya_anthonyi,2
Dudleya_attenuata,6
Dudleya_blochmaniae,2
Dudleya_brittonii,2
Dudleya_caespitosa,2
Dudleya_calcicola,2
Dudleya_campanulata,2
Dudleya_candelabrum,2
Dudleya_candida,6
Dudleya_cultrata,2
Dudleya_cymosa,2
Dudleya_densiflora,4
Dudleya_edulis,2
Dudleya_farinosa,2
Dudleya_formosa,2
Dudleya_gatesii,2
Dudleya_gnoma,2
Dudleya_greenei,5
Dudleya_guadalupensis,2
Dudleya_ingens,2
Dudleya_lanceolata,2
Dudleya_linearis,4
Dudleya_multicaulis,2
Dudleya_nesiotica,2
Dudleya_nubigena,2
Dudleya_pachyphytum,2
Dudleya_palmeri,2
Dudleya_pauciflora,2
Dudleya_pulverulenta,6
Dudleya_rigida,2
Dudleya_rigidiflora,2
Dudleya_rubens,2
Dudleya_saxosa,2
Dudleya_semiteres,2
Dudleya_setchellii,2
Dudleya_stolonifera,6
Dudleya_traskiae,2
Dudleya_variegata,2
Dudleya_verityi,2
Dudleya_virens,2
Dudleya_viscida,2
Echeveria_acutifolia,2
Echeveria_affinis,2
Echeveria_agavoides,2
Echeveria_amoena,6
Echeveria_amphoralis,2
Echeveria_atropurpurea,2
Echeveria_australis,2
Echeveria_bella,2
Echeveria_bicolor,2
Echeveria_bifida,2
Echeveria_calderoniae,2
Echeveria_calycosa,2
Echeveria_cante,2
Echeveria_carnicolor,2
Echeveria_cerrograndensis,2
Echeveria_chapalensis,4
Echeveria_chiclensis,2
Echeveria_chihuahuaensis,2
Echeveria_coccinea,2
Echeveria_colorata,2
Echeveria_craigiana,2
Echeveria_cuencaensis,2
Echeveria_cuspidata,2
Echeveria_dactylifera,2
Echeveria_elegans,2
Echeveria_eurychlamys,6
Echeveria_excelsa,2
Echeveria_fulgens,2
Echeveria_gibbiflora,2
Echeveria_gigantea,2
Echeveria_globulosa,6
Echeveria_gracilis,6
Echeveria_grisea,2
Echeveria_guatemalensis,2
Echeveria_gudeliana,2
Echeveria_halbingeri,2
Echeveria_harmsii,2
Echeveria_heterosepala,2
Echeveria_humilis,2
Echeveria_johnsonii,2
Echeveria_juarezensis,2
Echeveria_kimnachii,2
Echeveria_laui,2
Echeveria_leucotricha,6
Echeveria_longiflora,1
Echeveria_longissima,2
Echeveria_lozanoi,2
Echeveria_lutea,2
Echeveria_macdougallii,6
Echeveria_macrantha,2
Echeveria_maxonii,2
Echeveria_megacalyx,5
Echeveria_minima,2
Echeveria_montana,6
Echeveria_moranii,2
Echeveria_mucronata,2
Echeveria_multicaulis,2
Echeveria_nayaritensis,2
Echeveria_nebularum,2
Echeveria_nodulosa,2
Echeveria_nuda,2
Echeveria_oreophila,0
Echeveria_paniculata,3
Echeveria_peacockii,3
Echeveria_perezcalixii,3
Echeveria_peruviana,6
Echeveria_pinetorum,3
Echeveria_pittieri,3
Echeveria_pringlei,3
Echeveria_prolifica,3
Echeveria_prunina,3
Echeveria_pulidonis,3
Echeveria_pulvinata,5
Echeveria_purhepecha,5
Echeveria_purpusorum,5
Echeveria_quitensis,5
Echeveria_racemosa,5
Echeveria_recurvata,2
Echeveria_rodolfi,0
Echeveria_rosea,6
Echeveria_rubromarginata,5
Echeveria_schaffneri,5
Echeveria_secunda,5
Echeveria_semivestita,6
Echeveria_sessiliflora,6
Echeveria_setosa,5
Echeveria_shaviana,5
Echeveria_simulans,5
Echeveria_spectabilis,5
Echeveria_steyermarkii,5
Echeveria_strictiflora,5
Echeveria_subalpina,5
Echeveria_subcorymbosa,5
Echeveria_subrigida,6
Echeveria_tamaulipana,2
Echeveria_tolimanensis,0
Echeveria_tolucensis,5
Echeveria_turgida,2
Echeveria_uhlii,5
Echeveria_utcubambensis,5
Echeveria_valvata,6
Echeveria_viridissima,0
Echeveria_walpoleana,5
Echeveria_waltheri,6
Echeveria_westii,5
Echeveria_whitei,6
Echeveria_xichuensis,5
Elmera_racemosa,6
Embolanthera_glabrescens,5
Eustigma_balansae,5
Eustigma_lenticellatum,6
Eustigma_oblongifolium,6
Exbucklandia_longipetala,0
Exbucklandia_populnea,6
Exbucklandia_tonkinensis,5
Fortunearia_sinensis,6
Fothergilla_gardenii,5
Fothergilla_major,0
Glischrocaryon_angustifolium,5
Glischrocaryon_aureum,2
Glischrocaryon_behrii,2
Glischrocaryon_flavescens,2
Glischrocaryon_roei,2
Gonocarpus_acanthocarpus,2
Gonocarpus_aggregatus,2
Gonocarpus_benthamii,2
Gonocarpus_chinensis,2
Gonocarpus_confertifolius,2
Gonocarpus_cordiger,2
Gonocarpus_diffusus,2
Gonocarpus_effusus,2
Gonocarpus_elatus,5
Gonocarpus_ephemerus,5
Gonocarpus_eremophilus,5
Gonocarpus_ericifolius,5
Gonocarpus_glauca,5
Gonocarpus_hexandrus,0
Gonocarpus_hirtus,5
Gonocarpus_hispidus,5
Gonocarpus_humilis,5
Gonocarpus_implexus,6
Gonocarpus_incanus,5
Gonocarpus_intricatus,5
Gonocarpus_leptothecus,5
Gonocarpus_longifolius,5
Gonocarpus_mezianus,6
Gonocarpus_micranthus,5
Gonocarpus_montanus,5
Gonocarpus_nodulosus,5
Gonocarpus_oreophilus,1
Gonocarpus_paniculatus,0
Gonocarpus_philippinensis,5
Gonocarpus_pithyoides,5
Gonocarpus_pusillus,5
Gonocarpus_pycnostachyus,5
Gonocarpus_rotundifolius,5
Gonocarpus_rudis,6
Gonocarpus_salsoloides,5
Gonocarpus_sanguineus,5
Gonocarpus_scordioides,5
Gonocarpus_serpyllifolius,5
Gonocarpus_simplex,5
Gonocarpus_tetragynus,2
Gonocarpus_teucrioides,5
Gonocarpus_trichostachyus,5
Gonocarpus_uniflora,5
Gonocarpus_urceolatus,5
Graptopetalum_amethystinum,0
Graptopetalum_bartramii,6
Graptopetalum_bellum,6
Graptopetalum_filiferum,5
Graptopetalum_fruticosum,6
Graptopetalum_grande,0
Graptopetalum_macdougallii,5
Graptopetalum_mendozae,3
Graptopetalum_occidentale,2
Graptopetalum_pachyphyllum,3
Graptopetalum_paraguayense,3
Graptopetalum_pentandrum,3
Graptopetalum_rusbyi,3
Haloragis_aculeolata,0
Haloragis_acutangula,2
Haloragis_aspera,0
Haloragis_brownii,3
Haloragis_ciliata,4
Haloragis_cyanea,1
Haloragis_depressa,1
Haloragis_diffusa,3
Haloragis_digyna,0
Haloragis_dura,0
Haloragis_eichleri,1
Haloragis_elata,1
Haloragis_erecta,0
Haloragis_exalata,1
Haloragis_eyreana,0
Haloragis_foliosa,4
Haloragis_glauca,1
Haloragis_gossei,1
Haloragis_halconensis,3
Haloragis_hamata,2
Haloragis_heterophylla,1
Haloragis_maierae,0
Haloragis_masafuerana,2
Haloragis_masatierrana,1
Haloragis_milesiae,3
Haloragis_mucronata,1
Haloragis_myriocarpa,1
Haloragis_odontocarpa,3
Haloragis_pithyoides,4
Haloragis_platycarpa,1
Haloragis_prostrata,3
Haloragis_racemosa,3
Haloragis_rudis,0
Haloragis_scoparia,3
Haloragis_semi-angulata,2
Haloragis_serra,0
Haloragis_stokesii,2
Haloragis_stricta,1
Haloragis_tenuifolia,1
Haloragis_tetragyna,3
Haloragis_teucrioides,2
Haloragis_trigonocarpa,4
Haloragis_uncatipila,1
Haloragodendron_baeuerlenii,2
Haloragodendron_bauerlenii,0
Haloragodendron_gibsonii,3
Haloragodendron_glandulosum,0
Haloragodendron_lucasii,3
Haloragodendron_monospermum,4
Haloragodendron_racemosum,3
Hamamelis_japonica,3
Hamamelis_mexicana,0
Hamamelis_mollis,0
Hamamelis_ovalis,3
Hamamelis_vernalis,0
Hamamelis_virginiana,3
Heuchera_abramsii,6
Heuchera_acutifolia,3
Heuchera_alba,3
Heuchera_americana,0
Heuchera_bracteata,3
Heuchera_brevistaminea,3
Heuchera_caespitosa,3
Heuchera_caroliniana,2
Heuchera_chlorantha,3
Heuchera_cylindrica,3
Heuchera_eastwoodiae,3
Heuchera_elegans,3
Heuchera_glabra,3
Heuchera_glomerulata,3
Heuchera_grossulariifolia,3
Heuchera_hallii,3
Heuchera_hirsutissima,6
Heuchera_inconstans,3
Heuchera_longiflora,6
Heuchera_longipetala,6
Heuchera_maxima,2
Heuchera_merriamii,3
Heuchera_mexicana,3
Heuchera_micrantha,6
Heuchera_missouriensis,3
Heuchera_novomexicana,1
Heuchera_parishii,1
Heuchera_parviflora,1
Heuchera_parvifolia,2
Heuchera_pilosissima,6
Heuchera_puberula,5
Heuchera_pubescens,2
Heuchera_pulchella,5
Heuchera_richardsonii,5
Heuchera_rosendahlii,5
Heuchera_rubescens,5
Heuchera_sanguinea,2
Heuchera_soltisii,5
Heuchera_versicolor,6
Heuchera_villosa,2
Heuchera_wellsiae,2
Heuchera_woodsiaphila,5
Heuchera_wootonii,2
Hieronymusia_alchemilloides,5
Hylotelephium_anacampseros,5
Hylotelephium_angustum,6
Hylotelephium_caucasicum,2
Hylotelephium_cyaneum,2
Hylotelephium_erythrostictum,2
Hylotelephium_ewersii,5
Hylotelephium_mingjinianum,6
Hylotelephium_pallescens,2
Hylotelephium_pluricaule,5
Hylotelephium_populifolium,2
Hylotelephium_sieboldii,5
Hylotelephium_sordidum,2
Hylotelephium_spectabile,2
Hylotelephium_subcapitatum,2
Hylotelephium_tatarinowii,5
Hylotelephium_telephioides,5
Hylotelephium_telephium,2
Hylotelephium_verticillatum,2
Hylotelephium_viride,6
Hylotelephium_viridescens,2
Hypagophytum_abyssinicum,2
Itea_amoena,2
Itea_chinensis,6
Itea_coriacea,6
Itea_glutinosa,5
Itea_ilicifolia,2
Itea_indochinensis,2
Itea_japonica,2
Itea_kiukiangensis,2
Itea_macrophylla,2
Itea_nutans,2
Itea_oldhamii,2
Itea_parviflora,5
Itea_riparia,2
Itea_tenuinervia,2
Itea_virginica,2
Itea_yangchunensis,5
Itea_yunnanensis,2
Jepsonia_heterandra,2
Jepsonia_malvifolia,6
Jepsonia_parryi,2
Kalanchoe_alticola,6
Kalanchoe_ambolensis,2
Kalanchoe_arborescens,2
Kalanchoe_aromatica,6
Kalanchoe_ballyi,5
Kalanchoe_beauverdii,5
Kalanchoe_beharensis,2
Kalanchoe_bentii,5
Kalanchoe_bergeri,2
Kalanchoe_bipartita,2
Kalanchoe_blossfeldiana,2
Kalanchoe_bogneri,5
Kalanchoe_boisii,2
Kalanchoe_boranae,5
Kalanchoe_bouvetii,2
Kalanchoe_brachyloba,6
Kalanchoe_bracteata,2
Kalanchoe_campanulata,2
Kalanchoe_ceratophylla,6
Kalanchoe_chapototii,2
Kalanchoe_citrina,6
Kalanchoe_crenata,2
Kalanchoe_crundallii,2
Kalanchoe_curvula,6
Kalanchoe_daigremontiana,6
Kalanchoe_delagoensis,6
Kalanchoe_densiflora,6
Kalanchoe_dinklagei,5
Kalanchoe_dyeri,6
Kalanchoe_elizae,2
Kalanchoe_eriophylla,5
Kalanchoe_fadeniorum,2
Kalanchoe_farinacea,5
Kalanchoe_fedtschenkoi,5
Kalanchoe_fernandesii,2
Kalanchoe_garambiensis,6
Kalanchoe_gastonis-bonnieri,2
Kalanchoe_germanae,2
Kalanchoe_glaucescens,6
Kalanchoe_globulifera,2
Kalanchoe_gracilipes,6
Kalanchoe_grandidieri,5
Kalanchoe_hametiorum,2
Kalanchoe_hildebrandtii,2
Kalanchoe_humilis,5
Kalanchoe_integrifolia,2
Kalanchoe_jongmansii,6
Kalanchoe_laciniata,6
Kalanchoe_laetivirens,2
Kalanchoe_lanceolata,2
Kalanchoe_lateritia,5
Kalanchoe_latisepala,2
Kalanchoe_laxiflora,6
Kalanchoe_leblancae,6
Kalanchoe_linearifolia,6
Kalanchoe_longiflora,6
Kalanchoe_luciae,5
Kalanchoe_macrochlamys,2
Kalanchoe_mandrarensis,6
Kalanchoe_manginii,2
Kalanchoe_marmorata,5
Kalanchoe_marnieriana,2
Kalanchoe_maromokotrensis,2
Kalanchoe_migiurtinorum,2
Kalanchoe_millotii,5
Kalanchoe_miniata,5
Kalanchoe_mitejea,0
Kalanchoe_ndotoensis,3
Kalanchoe_neglecta,3
Kalanchoe_nyikae,1
Kalanchoe_obtusa,3
Kalanchoe_orgyalis,1
Kalanchoe_paniculata,1
Kalanchoe_pareikiana,0
Kalanchoe_peltata,1
Kalanchoe_peteri,1
Kalanchoe_petitiana,1
Kalanchoe_pinnata,1
Kalanchoe_poincarei,1
Kalanchoe_porphyrocalyx,1
Kalanchoe_prittwitzii,1
Kalanchoe_prolifera,1
Kalanchoe_pseudocampanulata,3
Kalanchoe_pubescens,3
Kalanchoe_pumila,3
Kalanchoe_quadrangularis,6
Kalanchoe_rhombopilosa,2
Kalanchoe_rolandi-bonapartei,6
Kalanchoe_rosei,6
Kalanchoe_rotundifolia,6
Kalanchoe_rubella,5
Kalanchoe_sanctula,5
Kalanchoe_scapigera,3
Kalanchoe_schimperiana,0
Kalanchoe_schizophylla,0
Kalanchoe_serrata,4
Kalanchoe_sexangularis,0
Kalanchoe_spathulata,1
Kalanchoe_streptantha,0
Kalanchoe_suarezensis,3
Kalanchoe_subrosulata,3
Kalanchoe_synsepala,3
Kalanchoe_tetraphylla,0
Kalanchoe_thyrsiflora,3
Kalanchoe_tomentosa,0
Kalanchoe_tuberosa,4
Kalanchoe_uniflora,1
Kalanchoe_usambarensis,0
Kalanchoe_velutina,0
Kalanchoe_viguieri,1
Kalanchoe_waldheimii,0
Laurembergia_coccinea,4
Laurembergia_engleri,0
Laurembergia_javanica,0
Laurembergia_madagascariensis,0
Laurembergia_repens,0
Laurembergia_tetrandra,0
Laurembergia_zeylanica,0
Lenophyllum_acutifolium,1
Lenophyllum_guttatum,0
Lenophyllum_latum,0
Lenophyllum_obtusum,1
Lenophyllum_reflexum,0
Lenophyllum_texanum,3
Lenophyllum_weinbergii,0
Leptarrhena_pyrolifolia,4
Liquidambar_acalycina,4
Liquidambar_formosana,0
Liquidambar_orientalis,3
Liquidambar_styraciflua,0
Lithophragma_affine,0
Lithophragma_bolanderi,0
Lithophragma_campanulatum,0
Lithophragma_cymbalaria,0
Lithophragma_glabrum,0
Lithophragma_heterophyllum,0
Lithophragma_maximum,4
Lithophragma_parviflorum,3
Lithophragma_tenellum,4
Lithophragma_thompsonii,3
Lithophragma_trifoliatum,0
Loropetalum_chinense,4
Loropetalum_lanceum,0
Loropetalum_subcordatum,0
Maingaya_malayana,0
Matudaea_colombiana,0
Matudaea_hirsuta,0
Matudaea_trinervia,0
Medusandra_mpomiana,0
Medusandra_richardsiana,0
Meionectes_brownii,0
Meionectes_tenuifolia,3
Meterostachys_sikokianus,0
Micranthes_apetala,0
Micranthes_aprica,0
Micranthes_atrata,3
Micranthes_bryophora,0
Micranthes_californica,0
Micranthes_calycina,3
Micranthes_careyana,0
Micranthes_caroliniana,6
Micranthes_clavistaminea,3
Micranthes_clusii,3
Micranthes_davidii,0
Micranthes_davurica,0
Micranthes_divaricata,0
Micranthes_eriophora,3
Micranthes_ferruginea,0
Micranthes_foliolosa,0
Micranthes_fragosa,3
Micranthes_fusca,0
Micranthes_gageana,6
Micranthes_gaspensis,6
Micranthes_gormanii,2
Micranthes_hieraciifolia,1
Micranthes_hitchcockiana,1
Micranthes_howellii,1
Micranthes_idahoensis,1
Micranthes_integrifolia,1
Micranthes_japonica,1
Micranthes_laciniata,0
Micranthes_lumpuensis,0
Micranthes_lyallii,5
Micranthes_manchuriensis,3
Micranthes_marshallii,5
Micranthes_melaleuca,0
Micranthes_melanocentra,2
Micranthes_merkii,5
Micranthes_micranthidifolia,2
Micranthes_nelsoniana,5
Micranthes_nidifica,6
Micranthes_nivalis,5
Micranthes_nudicaulis,5
Micranthes_occidentalis,5
Micranthes_odontoloma,2
Micranthes_oregana,5
Micranthes_pallida,5
Micranthes_palmeri,0
Micranthes_parvula,0
Micranthes_pensylvanica,2
Micranthes_petiolaris,5
Micranthes_razshivinii,5
Micranthes_redofskyi,3
Micranthes_reflexa,1
Micranthes_rhomboidea,0
Micranthes_rufidula,5
Micranthes_sachalinensis,6
Micranthes_spicata,5
Micranthes_stellaris,5
Micranthes_subapetala,5
Micranthes_tempestiva,6
Micranthes_tenuis,3
Micranthes_texana,5
Micranthes_tischii,0
Micranthes_tolmiei,6
Micranthes_unalaschcensis,2
Micranthes_virginiensis,6
Mitella_breweri,5
Mitella_caulescens,2
Mitella_diphylla,5
Mitella_diversifolia,0
Mitella_formosana,5
Mitella_furusei,3
Mitella_japonica,5
Mitella_koshiensis,0
Mitella_nuda,6
Mitella_ovalis,0
Mitella_pauciflora,6
Mitella_pentandra,5
Mitella_stauropetala,3
Mitella_stylosa,5
Mitella_trifida,2
Molinadendron_guatemalense,0
Molinadendron_hondurense,5
Molinadendron_sinaloense,0
Monanthes_anagensis,6
Monanthes_brachycaulos,5
Monanthes_icterica,2
Monanthes_laxiflora,6
Monanthes_minima,0
Monanthes_muralis,6
Monanthes_pallens,3
Monanthes_polyphylla,5
Myriophyllum_alpinum,5
Myriophyllum_alterniflorum,0
Myriophyllum_amphibium,0
Myriophyllum_aquaticum,3
Myriophyllum_artesium,6
Myriophyllum_austropygmaeum,6
Myriophyllum_axilliflorum,3
Myriophyllum_balladoniense,3
Myriophyllum_callitrichoides,3
Myriophyllum_caput-medusae,3
Myriophyllum_coronatum,3
Myriophyllum_costatum,3
Myriophyllum_crispatum,3
Myriophyllum_decussatum,0
Myriophyllum_dicoccum,4
Myriophyllum_drummondii,3
Myriophyllum_echinatum,4
Myriophyllum_exalbescens,6
Myriophyllum_farwellii,2
Myriophyllum_filiforme,2
Myriophyllum_glomeratum,2
Myriophyllum_gracile,2
Myriophyllum_heterophyllum,2
Myriophyllum_hippuroides,2
Myriophyllum_humile,2
Myriophyllum_implicatum,2
Myriophyllum_indicum,2
Myriophyllum_integrifolium,2
Myriophyllum_jacobsii,1
Myriophyllum_lapidicola,4
Myriophyllum_latifolium,1
Myriophyllum_laxum,3
Myriophyllum_limnophilum,1
Myriophyllum_lophatum,0
Myriophyllum_mattogrossensis,1
Myriophyllum_mexicanum,3
Myriophyllum_mezianum,3
Myriophyllum_muelleri,1
Myriophyllum_muricatum,1
Myriophyllum_papillosum,1
Myriophyllum_pedunculatum,1
Myriophyllum_petraeum,1
Myriophyllum_pinnatum,1
Myriophyllum_porcatum,4
Myriophyllum_propinquum,3
Myriophyllum_pygmaeum,2
Myriophyllum_quitense,0
Myriophyllum_robustum,4
Myriophyllum_salsugineum,3
Myriophyllum_sibiricum,1
Myriophyllum_simulans,3
Myriophyllum_sparsiflorum,0
Myriophyllum_spicatum,2
Myriophyllum_striatum,0
Myriophyllum_tenellum,3
Myriophyllum_tetrandrum,1
Myriophyllum_tillaeoides,0
Myriophyllum_trachycarpum,1
Myriophyllum_trifidum,3
Myriophyllum_triphyllum,1
Myriophyllum_tuberculatum,3
Myriophyllum_ussuriense,0
Myriophyllum_variifolium,1
Myriophyllum_verrucosum,4
Myriophyllum_verticillatum,3
Myriophyllum_votschii,3
Mytilaria_laosensis,1
Neostrearia_fleckeri,4
Noahdendron_nicholasii,3
Oresitrophe_rupifraga,4
Orostachys_cartilaginea,1
Orostachys_chanetii,1
Orostachys_fimbriata,3
Orostachys_gorovoii,0
Orostachys_japonica,3
Orostachys_malacophylla,3
Orostachys_paradoxa,3
Orostachys_schoenlandii,3
Orostachys_spinosa,6
Orostachys_thyrsiflora,2
Ostrearia_australiana,3
Pachyphytum_caesium,3
Pachyphytum_compactum,4
Pachyphytum_fittkaui,0
Pachyphytum_glutinicaule,3
Pachyphytum_hookeri,1
Pachyphytum_kimnachii,3
Pachyphytum_longifolium,4
Pachyphytum_oviferum,1
Pachyphytum_viride,0
Pachyphytum_werdermannii,1
Paeonia_algeriensis,1
Paeonia_anomala,1
Paeonia_arietina,4
Paeonia_baokangensis,1
Paeonia_broteri,4
Paeonia_brownii,4
Paeonia_californica,4
Paeonia_cambessedesii,1
Paeonia_carthalinica,3
Paeonia_caucasica,3
Paeonia_clusii,3
Paeonia_corallina,4
Paeonia_coriacea,4
Paeonia_corsica,4
Paeonia_cretica,4
Paeonia_daurica,1
Paeonia_decomposita,2
Paeonia_decora,2
Paeonia_delavayi,2
Paeonia_emodi,4
Paeonia_intermedia,4
Paeonia_jishanensis,4
Paeonia_kesrouanensis,4
Paeonia_lactiflora,4
Paeonia_lagodechiana,4
Paeonia_ludlowii,4
Paeonia_macrophylla,4
Paeonia_mairei,4
Paeonia_mascula,4
Paeonia_mlokosewitschi,4
Paeonia_morisii,4
Paeonia_obovata,4
Paeonia_officinalis,4
Paeonia_ostii,4
Paeonia_parnassica,4
Paeonia_peregrina,4
Paeonia_potaninii,4
Paeonia_rockii,4
Paeonia_romanica,6
Paeonia_saueri,4
Paeonia_szechuanica,4
Paeonia_tenuifolia,0
Paeonia_veitchii,0
Paeonia_wittmanniana,4
Parrotia_persica,4
Parrotia_subaequalis,4
Parrotiopsis_jacquemontiana,1
Peltoboykinia_tellimoides,4
Peltoboykinia_watanabei,4
Penthorum_chinense,4
Penthorum_sedoides,4
Peridiscus_lucidus,4
Perrierosedum_madagascariense,4
Phedimus_aizoon,0
Phedimus_floriferus,0
Phedimus_hybridus,4
Phedimus_kamtschaticus,4
Phedimus_middendorfianus,4
Phedimus_obtusifolius,4
Phedimus_odontophyllus,4
Phedimus_spurius,4
Phedimus_stellatus,4
Phedimus_stoloniferus,4
Pistorinia_brachyantha,4
Pistorinia_breviflora,4
Pistorinia_hispanica,6
Prometheum_aizoon,3
Prometheum_chrysanthum,3
Prometheum_pilosum,3
Prometheum_rechingeri,3
Prometheum_sempervivoides,0
Prometheum_serpentinicum,0
Proserpinaca_intermedia,4
Proserpinaca_palustris,2
Proserpinaca_pectinata,2
Pseudosedum_acutisepalum,4
Pseudosedum_condensatum,0
Pseudosedum_koelzii,0
Pseudosedum_lievenii,1
Pseudosedum_longidentatum,3
Pterostemon_bravoanus,3
Pterostemon_mexicanus,0
Pterostemon_rotundifolius,4
Rhodiola_algida,4
Rhodiola_alsia,1
Rhodiola_amabilis,6
Rhodiola_atsaensis,0
Rhodiola_atuntsuensis,0
Rhodiola_bouffordii,0
Rhodiola_bupleuroides,0
Rhodiola_calliantha,4
Rhodiola_chrysanthemifolia,4
Rhodiola_coccinea,0
Rhodiola_crenulata,2
Rhodiola_cretinii,3
Rhodiola_discolor,1
Rhodiola_dumulosa,4
Rhodiola_fastigiata,1
Rhodiola_gelida,2
Rhodiola_heterodonta,1
Rhodiola_himalensis,2
Rhodiola_hobsonii,4
Rhodiola_hookeri,2
Rhodiola_humilis,0
Rhodiola_imbricata,6
Rhodiola_integrifolia,0
Rhodiola_ishidae,4
Rhodiola_kirilowii,3
Rhodiola_macrocarpa,3
Rhodiola_nobilis,3
Rhodiola_pachyclados,0
Rhodiola_pamiroalaica,0
Rhodiola_prainii,1
Rhodiola_primuloides,2
Rhodiola_purpureoviridis,3
Rhodiola_quadrifida,0
Rhodiola_recticaulis,2
Rhodiola_rhodantha,0
Rhodiola_rosea,0
Rhodiola_saxifragoides,3
Rhodiola_semenovii,6
Rhodiola_serrata,1
Rhodiola_sherriffii,4
Rhodiola_sinuata,4
Rhodiola_smithii,3
Rhodiola_stapfii,4
Rhodiola_tangutica,0
Rhodiola_tibetica,4
Rhodiola_wallichiana,4
Rhodiola_yunnanensis,4
Rhodoleia_championii,0
Rhodoleia_forrestii,4
Rhodoleia_henryi,0
Rhodoleia_macrocarpa,0
Rhodoleia_parvipetala,0
Rhodoleia_stenopetala,0
Ribes_acerifolium,0
Ribes_achurjanii,4
Ribes_aciculare,4
Ribes_affine,1
Ribes_albifolium,0
Ribes_alpestre,0
Ribes_alpinum,4
Ribes_altissimum,0
Ribes_amarum,4
Ribes_ambiguum,3
Ribes_americanum,4
Ribes_andicola,0
Ribes_armenum,0
Ribes_atropurpureum,0
Ribes_aureum,3
Ribes_austroecuadorense,0
Ribes_bicolor,0
Ribes_biebersteinii,1
Ribes_binominatum,6
Ribes_bogotanum,6
Ribes_bolivianum,0
Ribes_brachybotrys,3
Ribes_bracteosum,1
Ribes_brandegeei,4
Ribes_burejense,0
Ribes_californicum,6
Ribes_canescens,2
Ribes_canthariforme,2
Ribes_catamarcanum,0
Ribes_cereum,1
Ribes_ceriferum,3
Ribes_chachapoyense,0
Ribes_ciliatum,0
Ribes_columbianum,4
Ribes_costaricensis,4
Ribes_cucullatum,1
Ribes_cuneifolium,1
Ribes_curvatum,4
Ribes_cynosbati,1
Ribes_davidii,2
Ribes_densiflorum,3
Ribes_diacanthum,4
Ribes_dikuscha,0
Ribes_divaricatum,3
Ribes_dugesii,2
Ribes_echinellum,0
Ribes_ecuadorense,2
Ribes_elegans,1
Ribes_erectum,0
Ribes_erythrocarpum,0
Ribes_fasciculatum,1
Ribes_formosanum,4
Ribes_gayanum,4
Ribes_giraldii,0
Ribes_glabricalycinum,0
Ribes_glabrifolium,4
Ribes_glaciale,4
Ribes_glandulosum,0
Ribes_graveolens,2
Ribes_griffithii,1
Ribes_himalense,1
Ribes_hirtellum,2
Ribes_hirticaule,2
Ribes_hirtum,4
Ribes_horridum,4
Ribes_houghtonianum,4
Ribes_howellii,1
Ribes_hudsonianum,1
Ribes_humile,1
Ribes_incarnatum,3
Ribes_indecorum,4
Ribes_inerme,0
Ribes_integrifolium,2
Ribes_janczewskii,2
Ribes_japonicum,0
Ribes_kialanum,1
Ribes_komarovii,4
Ribes_laciniatum,1
Ribes_lacustre,3
Ribes_lasianthum,0
Ribes_latifolium,1
Ribes_laurifolium,0
Ribes_laxiflorum,6
Ribes_lehmannii,4
Ribes_leptanthum,4
Ribes_leptostachyum,4
Ribes_lindenii,3
Ribes_lobbii,1
Ribes_longeracemosum,3
Ribes_lucarense,5
Ribes_luridum,1
Ribes_luteynii,0
Ribes_macrobotrys,1
Ribes_macrostachyum,6
Ribes_madrense,0
Ribes_magellanicum,0
Ribes_malvaceum,0
Ribes_mandshuricum,1
Ribes_marshallii,1
Ribes_maximowiczianum,1
Ribes_maximowiczii,4
Ribes_melananthum,4
Ribes_menziesii,3
Ribes_mescalerium,0
Ribes_meyeri,4
Ribes_micranthum,0
Ribes_microphyllum,4
Ribes_missouriense,0
Ribes_molle,3
Ribes_montigenum,3
Ribes_moupinense,4
Ribes_multiflorum,4
Ribes_nanophyllum,3
Ribes_nelsonii,2
Ribes_nevadaense,1
Ribes_nigrum,4
Ribes_nitidissimum,1
Ribes_niveum,4
Ribes_orientale,1
Ribes_ovalifolium,1
Ribes_oxyacanthoides,1
Ribes_palczewskii,1
Ribes_pentlandii,1
Ribes_peruvianum,4
Ribes_petraeum,1
Ribes_pilosum,1
Ribes_pinetorum,3
Ribes_polyanthes,1
Ribes_praecox,0
Ribes_pringlei,4
Ribes_procumbens,0
Ribes_pseudofasciculatum,6
Ribes_pulchellum,4
Ribes_punctatum,0
Ribes_quercetorum,4
Ribes_roezlii,0
Ribes_rotundifolium,0
Ribes_rubrisepalum,0
Ribes_rubrum,0
Ribes_rugosum,4
Ribes_ruizii,4
Ribes_sachalinense,0
Ribes_sanguineum,4
Ribes_saxatile,4
Ribes_sericeum,4
Ribes_setchuense,4
Ribes_sinanense,0
Ribes_speciosum,4
Ribes_spicatum,2
Ribes_steinbachiorum,4
Ribes_stenocarpum,0
Ribes_suchezianum,1
Ribes_takare,0
Ribes_tenue,1
Ribes_thacherianum,2
Ribes_tianquanense,4
Ribes_tortuosum,0
Ribes_trilobum,0
Ribes_triste,4
Ribes_tularense,4
Ribes_tumerec,0
Ribes_turbinatum,1
Ribes_uva-crispa,4
Ribes_valdivianum,0
Ribes_velutinum,0
Ribes_viburnifolium,0
Ribes_victoris,1
Ribes_villosum,0
Ribes_vilmorinii,4
Ribes_viridiflorum,4
Ribes_viscosissimum,4
Ribes_viscosum,0
Ribes_watsonianum,1
Ribes_weberbaueri,0
Ribes_wolfii,0
Ribes_xizangense,4
Rodgersia_aesculifolia,3
Rodgersia_nepalensis,0
Rodgersia_pinnata,0
Rodgersia_podophylla,0
Rodgersia_sambucifolia,2
Rosularia_adenotricha,0
Rosularia_alpestris,4
Rosularia_elymaitica,4
Rosularia_glabra,2
Rosularia_lineata,1
Rosularia_modesta,4
Rosularia_pallidiflora,4
Rosularia_platyphylla,0
Rosularia_radicosa,3
Rosularia_rosulata,0
Rosularia_sempervivum,4
Rosularia_serrata,0
Saxifraga_aculeata,6
Saxifraga_adenodes,1
Saxifraga_adscendens,3
Saxifraga_afghanica,0
Saxifraga_aizoides,0
Saxifraga_aleutica,0
Saxifraga_alpigena,4
Saxifraga_andersonii,1
Saxifraga_androsacea,0
Saxifraga_angustata,0
Saxifraga_aphylla,0
Saxifraga_aquatica,4
Saxifraga_arachnoidea,2
Saxifraga_aretioides,4
Saxifraga_aristulata,2
Saxifraga_asarifolia,4
Saxifraga_aspera,0
Saxifraga_assamensis,1
Saxifraga_atuntsiensis,4
Saxifraga_aurantiaca,4
Saxifraga_auriculata,4
Saxifraga_babiana,4
Saxifraga_baimashanensis,4
Saxifraga_balfourii,4
Saxifraga_bergenioides,4
Saxifraga_biflora,4
Saxifraga_biternata,1
Saxifraga_blavii,0
Saxifraga_bourgaeana,0
Saxifraga_brachyphylla,0
Saxifraga_brachypoda,0
Saxifraga_bracteata,0
Saxifraga_bronchialis,0
Saxifraga_brunneopunctata,4
Saxifraga_brunonis,4
Saxifraga_bryoides,4
Saxifraga_bulbifera,0
Saxifraga_bulleyana,4
Saxifraga_burseriana,4
Saxifraga_caesia,4
Saxifraga_callosa,0
Saxifraga_camposii,2
Saxifraga_canaliculata,3
Saxifraga_candelabrum,1
Saxifraga_cardiophylla,4
Saxifraga_carnosula,4
Saxifraga_carpatica,2
Saxifraga_carpetana,1
Saxifraga_cartilaginea,3
Saxifraga_caulescens,4
Saxifraga_caveana,0
Saxifraga_cebennensis,0
Saxifraga_cernua,3
Saxifraga_cespitosa,0
Saxifraga_cherlerioides,4
Saxifraga_chionophila,2
Saxifraga_chrysantha,1
Saxifraga_chrysanthoides,4
Saxifraga_ciliatopetala,4
Saxifraga_cinerascens,0
Saxifraga_cintrana,4
Saxifraga_clivorum,1
Saxifraga_coarctata,0
Saxifraga_cochlearis,1
Saxifraga_congestiflora,4
Saxifraga_conifera,4
Saxifraga_consanguinea,4
Saxifraga_continentalis,3
Saxifraga_cordigera,4
Saxifraga_corsica,4
Saxifraga_cortusifolia,4
Saxifraga_corymbosa,0
Saxifraga_cotyledon,0
Saxifraga_crustata,4
Saxifraga_culcitosa,6
Saxifraga_cuneata,0
Saxifraga_cuneifolia,0
Saxifraga_cymbalaria,4
Saxifraga_debilis,0
Saxifraga_decora,4
Saxifraga_densifoliata,4
Saxifraga_deqenensis,4
Saxifraga_dianxibeiensis,4
Saxifraga_diapensia,0
Saxifraga_diapensioides,3
Saxifraga_dichotoma,4
Saxifraga_dielsiana,4
Saxifraga_diversifolia,0
Saxifraga_drabiformis,4
Saxifraga_draboides,4
Saxifraga_duthiei,4
Saxifraga_egregia,4
Saxifraga_elliptica,4
Saxifraga_engleriana,0
Saxifraga_erioblasta,0
Saxifraga_eschscholtzii,3
Saxifraga_exarata,1
Saxifraga_facchinii,4
Saxifraga_federici-augusti,4
Saxifraga_felineri,3
Saxifraga_ferdinandi-coburgi,4
Saxifraga_filicaulis,4
Saxifraga_filifolia,4
Saxifraga_finitima,4
Saxifraga_firma,0
Saxifraga_flaccida,0
Saxifraga_flagellaris,6
Saxifraga_flexilis,4
Saxifraga_florulenta,4
Saxifraga_forrestii,1
Saxifraga_fortunei,4
Saxifraga_fragilis,1
Saxifraga_gedangensis,0
Saxifraga_gemmigera,1
Saxifraga_gemmipara,0
Saxifraga_gemmulosa,4
Saxifraga_genesiana,3
Saxifraga_georgei,0
Saxifraga_geranioides,4
Saxifraga_geum,4
Saxifraga_giraldiana,4
Saxifraga_glabella,4
Saxifraga_glacialis,1
Saxifraga_glaucophylla,4
Saxifraga_globulifera,4
Saxifraga_gongshanensis,4
Saxifraga_gouldii,4
Saxifraga_granulata,0
Saxifraga_granulifera,0
Saxifraga_haenseleri,4
Saxifraga_hariotii,6
Saxifraga_hederacea,4
Saxifraga_hederifolia,4
Saxifraga_heleonastes,4
Saxifraga_hemisphaerica,0
Saxifraga_hengduanensis,3
Saxifraga_heteroclada,0
Saxifraga_heterotricha,0
Saxifraga_hirculoides,4
Saxifraga_hirculus,4
Saxifraga_hirsuta,3
Saxifraga_hispidula,4
Saxifraga_hookeri,4
Saxifraga_hostii,0
Saxifraga_hyperborea,0
Saxifraga_hypericoides,4
Saxifraga_hypnoides,4
Saxifraga_hypostoma,0
Saxifraga_imparilis,3
Saxifraga_implicans,0
Saxifraga_insolens,0
Saxifraga_intricata,4
Saxifraga_irrigua,4
Saxifraga_isophylla,6
Saxifraga_jacquemontiana,4
Saxifraga_juniperifolia,6
Saxifraga_kingdonii,0
Saxifraga_kingiana,4
Saxifraga_koelzii,0
Saxifraga_kolenatiana,4
Saxifraga_kotschyi,4
Saxifraga_kruhsiana,0
Saxifraga_kusnezowiana,4
Saxifraga_kwangsiensis,1
Saxifraga_latepetiolata,4
Saxifraga_lepida,0
Saxifraga_lhasana,0
Saxifraga_likiangensis,4
Saxifraga_lilacina,0
Saxifraga_linearifolia,4
Saxifraga_litangensis,4
Saxifraga_llonakhensis,0
Saxifraga_longifolia,4
Saxifraga_losae,4
Saxifraga_lowndesii,4
Saxifraga_lychnitis,0
Saxifraga_macrostigmatoides,0
Saxifraga_maderensis,0
Saxifraga_magellanica,1
Saxifraga_maireana,3
Saxifraga_marginata,1
Saxifraga_maweana,0
Saxifraga_media,0
Saxifraga_meeboldii,0
Saxifraga_mengtzeana,4
Saxifraga_mertensiana,0
Saxifraga_micans,3
Saxifraga_microgyna,4
Saxifraga_microphylla,0
Saxifraga_miralana,4
Saxifraga_moncayensis,4
Saxifraga_montanella,1
Saxifraga_moorcroftiana,4
Saxifraga_mucronulata,4
Saxifraga_mucronulatoides,0
Saxifraga_muscoides,0
Saxifraga_mutata,0
Saxifraga_nakaoi,3
Saxifraga_namdoensis,3
Saxifraga_nana,0
Saxifraga_nanella,4
Saxifraga_nanelloides,0
Saxifraga_nathorstii,4
Saxifraga_neopropagulifera,4
Saxifraga_nervosa,4
Saxifraga_nevadensis,4
Saxifraga_nigroglandulifera,1
Saxifraga_nigroglandulosa,0
Saxifraga_nipponica,0
Saxifraga_omolojensis,0
Saxifraga_omphalodifolia,0
Saxifraga_opdalensis,4
Saxifraga_oppositifolia,4
Saxifraga_oreophila,4
Saxifraga_oresbia,4
Saxifraga_osloensis,3
Saxifraga_palpebrata,0
Saxifraga_paniculata,4
Saxifraga_paradoxa,0
Saxifraga_pardanthina,4
Saxifraga_parnassifolia,4
Saxifraga_parva,4
Saxifraga_pasumensis,4
Saxifraga_pavonii,4
Saxifraga_pedemontana,4
Saxifraga_pellucida,0
Saxifraga_pentadactylis,4
Saxifraga_peplidifolia,4
Saxifraga_perpusilla,0
Saxifraga_petraea,0
Saxifraga_pilifera,4
Saxifraga_platyloba,4
Saxifraga_poluniniana,0
Saxifraga_porophylla,2
Saxifraga_portosanctana,1
Saxifraga_praetermissa,0
Saxifraga_prattii,3
Saxifraga_presolanensis,0
Saxifraga_przewalskii,4
Saxifraga_pseudohirculus,4
Saxifraga_pubescens,0
Saxifraga_pulchra,4
Saxifraga_pulvinaria,4
Saxifraga_punctulata,4
Saxifraga_radiata,0
Saxifraga_repanda,3
Saxifraga_retusa,4
Saxifraga_reuteriana,0
Saxifraga_rhodopetala,0
Saxifraga_rigoi,4
Saxifraga_rivularis,4
Saxifraga_rosacea,4
Saxifraga_rotundifolia,1
Saxifraga_roylei,4
Saxifraga_rudolphiana,4
Saxifraga_rufescens,4
Saxifraga_saginoides,4
Saxifraga_sancta,4
Saxifraga_sanguinea,0
Saxifraga_saxatilis,0
Saxifraga_scardica,1
Saxifraga_scleropoda,1
Saxifraga_sediformis,1
Saxifraga_sedoides,0
Saxifraga_seguieri,6
Saxifraga_sempervivum,2
Saxifraga_sendaica,1
Saxifraga_serotina,2
Saxifraga_serpyllifolia,1
Saxifraga_sibirica,0
Saxifraga_sibthorpii,2
Saxifraga_signata,3
Saxifraga_signatella,2
Saxifraga_sinomontana,0
Saxifraga_smithiana,1
Saxifraga_sorianoi,1
Saxifraga_spathularis,5
Saxifraga_sphaeradena,0
Saxifraga_spinulosa,0
Saxifraga_spruneri,0
Saxifraga_squarrosa,1
Saxifraga_stella-aurea,1
Saxifraga_stellariifolia,0
Saxifraga_stenophylla,3
Saxifraga_stolitzkae,2
Saxifraga_stolonifera,4
Saxifraga_stribrnyi,2
Saxifraga_strigosa,2
Saxifraga_styriaca,2
Saxifraga_subaequifoliata,2
Saxifraga_sublinearifolia,2
Saxifraga_subsessiliflora,2
Saxifraga_substrigosa,0
Saxifraga_subternata,6
Saxifraga_subtsangchanensis,2
Saxifraga_subverticillata,0
Saxifraga_svalbardensis,1
Saxifraga_tangutica,3
Saxifraga_tatsienluensis,2
Saxifraga_taygetea,1
Saxifraga_taylorii,2
Saxifraga_tenella,2
Saxifraga_tentaculata,1
Saxifraga_tibetica,0
Saxifraga_tombeanensis,2
Saxifraga_triaristulata,5
Saxifraga_tricrenata,4
Saxifraga_tricuspidata,2
Saxifraga_tridactylites,1
Saxifraga_trifurcata,2
Saxifraga_tsangchanensis,2
Saxifraga_umbellulata,2
Saxifraga_umbrosa,2
Saxifraga_unguiculata,2
Saxifraga_unguipetala,6
Saxifraga_uninervia,0
Saxifraga_valdensis,2
Saxifraga_vayredana,2
Saxifraga_versicallosa,2
Saxifraga_vespertina,2
Saxifraga_wahlenbergii,2
Saxifraga_wallichiana,0
Saxifraga_wardii,2
Saxifraga_wendelboi,4
Saxifraga_werneri,2
Saxifraga_williamsii,0
Saxifraga_yarlungzangboensis,1
Saxifraga_yezhiensis,2
Saxifraga_zayuensis,4
Saxifraga_zimmermannii,1
Saxifragella_bicuspidata,3
Saxifragodes_albowiana,1
Saxifragopsis_fragarioides,0
Sedella_leiocarpa,2
Sedella_pentandra,3
Sedella_pumila,2
Sedum_acre,1
Sedum_actinocarpum,4
Sedum_adolphii,0
Sedum_aetnense,3
Sedum_alamosanum,3
Sedum_albomarginatum,2
Sedum_album,2
Sedum_alexanderi,3
Sedum_alfredii,2
Sedum_allantoides,3
Sedum_alpestre,4
Sedum_amplexicaule,2
Sedum_andegavense,1
Sedum_andinum,6
Sedum_anglicum,4
Sedum_annuum,2
Sedum_apoleipon,6
Sedum_arenarium,4
Sedum_assyriacum,1
Sedum_atratum,0
Sedum_baileyi,2
Sedum_baleensis,2
Sedum_balfourii,3
Sedum_batallae,2
Sedum_batesii,2
Sedum_beauverdii,1
Sedum_bellum,4
Sedum_bergeri,2
Sedum_booleanum,1
Sedum_borschii,2
Sedum_botteri,4
Sedum_bourgaei,3
Sedum_brevierei,2
Sedum_brevifolium,2
Sedum_bulbiferum,2
Sedum_caducum,0
Sedum_caeruleum,3
Sedum_caespitosum,2
Sedum_calcaratum,6
Sedum_calcicola,2
Sedum_callichroum,1
Sedum_candollei,0
Sedum_carinatifolium,2
Sedum_catorce,2
Sedum_celatum,2
Sedum_celiae,1
Sedum_cepaea,2
Sedum_chauveaudii,3
Sedum_chazaroi,3
Sedum_chihuahuense,2
Sedum_chloropetalum,4
Sedum_chrysicaulum,4
Sedum_churchillianum,6
Sedum_citrinum,2
Sedum_clavatum,2
Sedum_clavifolium,1
Sedum_cockerellii,1
Sedum_commixtum,2
Sedum_concarpum,2
Sedum_confertiflorum,1
Sedum_conzattii,1
Sedum_correptum,2
Sedum_corynephyllum,0
Sedum_crassularia,2
Sedum_creticum,2
Sedum_cupressoides,2
Sedum_cymatopetalum,0
Sedum_cyprium,1
Sedum_daigremontianum,1
Sedum_dasyphyllum,1
Sedum_debile,0
Sedum_dendroideum,1
Sedum_dielsii,2
Sedum_diffusum,0
Sedum_diminutum,3
Sedum_dimorphophyllum,1
Sedum_divergens,4
Sedum_drymarioides,2
Sedum_dugueyi,3
Sedum_ebracteatum,4
Sedum_edwardsii,2
Sedum_elatinoides,3
Sedum_elongata,2
Sedum_emarginatum,4
Sedum_engleri,2
Sedum_epidendrum,2
Sedum_eriocarpum,3
Sedum_erythrospermum,0
Sedum_fischeri,2
Sedum_flaccidum,2
Sedum_formosanum,2
Sedum_forrestii,0
Sedum_forsterianum,4
Sedum_fragrans,1
Sedum_franchetii,3
Sedum_frutescens,3
Sedum_fui,1
Sedum_furfuraceum,0
Sedum_fuscum,2
Sedum_fusiforme,3
Sedum_gagei,6
Sedum_galeananum,2
Sedum_gattefossei,1
Sedum_glabrum,6
Sedum_glaebosum,1
Sedum_glaucophyllum,6
Sedum_globuliflorum,2
Sedum_glomerifolium,1
Sedum_goldmanii,0
Sedum_gracile,0
Sedum_grammophyllum,4
Sedum_grandipetalum,2
Sedum_grandyi,0
Sedum_greggii,2
Sedum_griffithsii,6
Sedum_grisebachii,1
Sedum_griseum,3
Sedum_guadalajaranum,2
Sedum_guatemalense,2
Sedum_gypsicola,3
Sedum_gypsophilum,2
Sedum_hakonense,1
Sedum_heckelii,2
Sedum_hemsleyanum,2
Sedum_hengduanense,1
Sedum_henrici-roberti,3
Sedum_hernandezii,1
Sedum_hintonii,6
Sedum_hintoniorum,3
Sedum_hirsutum,2
Sedum_hispanicum,3
Sedum_hultenii,2
Sedum_humifusum,2
Sedum_inconspicuum,0
Sedum_jaccardianum,4
Sedum_jaliscanum,0
Sedum_japonicum,4
Sedum_jerzedowskii,1
Sedum_jujuyense,2
Sedum_jurgensenii,3
Sedum_kiersteadiae,3
Sedum_kotschyanum,6
Sedum_laconicum,4
Sedum_lagascae,0
Sedum_lanceolatum,0
Sedum_lancerottense,2
Sedum_latifilamentum,2
Sedum_laxum,2
Sedum_leblancae,2
Sedum_leibergii,3
Sedum_lenkoranicum,1
Sedum_lenophylloides,2
Sedum_leptophyllum,3
Sedum_leucocarpum,2
Sedum_liebmannianum,6
Sedum_lineare,2
Sedum_litoreum,1
Sedum_longipes,1
Sedum_luchuanicum,2
Sedum_lucidum,2
Sedum_lumholtzii,4
Sedum_lungtsuanense,4
Sedum_luteolum,4
Sedum_macdonaldii,4
Sedum_macdougallii,2
Sedum_madrense,3
Sedum_magellense,2
Sedum_magniflorum,2
Sedum_maireanum,1
Sedum_major,4
Sedum_makinoi,1
Sedum_maurum,3
Sedum_melanantherum,3
Sedum_mellitulum,2
Sedum_mexicanum,2
Sedum_meyeri-johannis,1
Sedum_meyranianum,4
Sedum_microcarpum,4
Sedum_microsepalum,2
Sedum_microstachyum,2
Sedum_millspaughii,2
Sedum_minimum,4
Sedum_modestum,3
Sedum_monregalense,1
Sedum_montanum,0
Sedum_mooneyi,0
Sedum_moranense,6
Sedum_moranii,3
Sedum_morganianum,1
Sedum_morrisonense,3
Sedum_mucizonia,2
Sedum_multicaule,1
Sedum_multiflorum,6
Sedum_muscoideum,2
Sedum_nanchuanense,0
Sedum_nanifolium,3
Sedum_nanum,2
Sedum_napiferum,1
Sedum_neovolcanicum,2
Sedum_nevadense,2
Sedum_nevii,1
Sedum_niveum,6
Sedum_nokoense,2
Sedum_nothodugueyi,0
Sedum_nudum,2
Sedum_nussbaumerianum,3
Sedum_nuttallianum,4
Sedum_oaxacanum,1
Sedum_obcordatum,2
Sedum_oblanceolatum,4
Sedum_obtrullatum,3
Sedum_obtusatum,3
Sedum_obtusipetalum,2
Sedum_ochroleucum,2
Sedum_ocuilense,3
Sedum_oligospermum,3
Sedum_onychopetalum,2
Sedum_orbatum,1
Sedum_oreades,6
Sedum_oreganum,4
Sedum_oregonense,2
Sedum_oteroi,4
Sedum_oxycoccoides,2
Sedum_oxypetalum,4
Sedum_pacense,3
Sedum_pagetodes,0
Sedum_pallidum,1
Sedum_palmeri,0
Sedum_pampaninii,2
Sedum_papillicaulum,1
Sedum_parvisepalum,0
Sedum_parvum,2
Sedum_pedicellatum,2
Sedum_pentapetalum,4
Sedum_pentastamineum,1
Sedum_perezdelarosae,2
Sedum_perpusillum,3
Sedum_perrotii,3
Sedum_pinetorum,0
Sedum_platysepalum,1
Sedum_platystylum,1
Sedum_polytrichoides,0
Sedum_pratoalpinum,1
Sedum_pringlei,0
Sedum_pruinatum,0
Sedum_przewalskii,4
Sedum_pubescens,4
Sedum_pulchellum,0
Sedum_pusillum,0
Sedum_quadripetalum,0
Sedum_quevae,0
Sedum_radiatum,0
Sedum_raymondii,0
Sedum_reniforme,0
Sedum_reptans,1
Sedum_retusum,0
Sedum_rhodocarpum,0
Sedum_roborowskii,0
Sedum_rosthornianum,0
Sedum_rubens,0
Sedum_rupestre,4
Sedum_rupicola,3
Sedum_ruwenzoriense,0
Sedum_sagittipetalum,1
Sedum_samium,0
Sedum_sarmentosum,4
Sedum_scopulina,4
Sedum_sediforme,2
Sedum_sekiteiense,3
Sedum_semiteres,3
Sedum_sexangulare,4
Sedum_smallii,4
Sedum_somenii,4
Sedum_spathulifolium,3
Sedum_spathulisepalum,6
Sedum_stahlii,6
Sedum_stefco,6
Sedum_stellariifolium,6
Sedum_stelliforme,6
Sedum_stenopetalum,6
Sedum_suaveolens,0
Sedum_subtile,0
Sedum_subulatum,4
Sedum_surculosum,0
Sedum_tamaulipense,3
Sedum_tenellum,6
Sedum_ternatum,6
Sedum_tetractinum,3
Sedum_tortuosum,3
Sedum_treleasei,0
Sedum_triactina,4
Sedum_tricarpum,0
Sedum_trichromum,6
Sedum_tristriatum,2
Sedum_tritelii,2
Sedum_trullipetalum,2
Sedum_tsiangii,2
Sedum_tsinghaicum,2
Sedum_tuberculatum,2
Sedum_ulricae,2
Sedum_uniflorum,3
Sedum_ursi,3
Sedum_urvillei,0
Sedum_valens,0
Sedum_versadense,0
Sedum_versicolor,5
Sedum_villosum,2
Sedum_vinicolor,2
Sedum_wangii,2
Sedum_wenchuanense,2
Sedum_wilczekianum,6
Sedum_wrightii,5
Sedum_yvesii,5
Semiliquidambar_cathayensis,5
Sempervivum_arachnoideum,5
Sempervivum_armenum,5
Sempervivum_atropatanum,5
Sempervivum_barbulatum,5
Sempervivum_brevipilum,5
Sempervivum_calcareum,5
Sempervivum_cantabricum,5
Sempervivum_caucasicum,5
Sempervivum_davisii,5
Sempervivum_fauconnettii,5
Sempervivum_fimbriatum,5
Sempervivum_giuseppii,5
Sempervivum_globiferum,5
Sempervivum_grandiflorum,5
Sempervivum_herfriedianum,5
Sempervivum_heuffelii,5
Sempervivum_iranicum,5
Sempervivum_leucanthum,5
Sempervivum_marmoreum,5
Sempervivum_minutum,5
Sempervivum_montanum,5
Sempervivum_pittonii,5
Sempervivum_pumilum,5
Sempervivum_ruthenicum,5
Sempervivum_tectorum,5
Sempervivum_transcaucasicum,5
Sempervivum_wulfenii,5
Sinocrassula_ambigua,5
Sinocrassula_densirosulata,5
Sinocrassula_forrestii,5
Sinocrassula_henryi,5
Sinocrassula_indica,5
Sinocrassula_longistyla,5
Sinocrassula_techinensis,5
Sinocrassula_yunnanensis,5
Sinowilsonia_henryi,5
Soyauxia_floribunda,5
Soyauxia_gabonensis,2
Soyauxia_glabrescens,1
Soyauxia_grandifolia,1
Soyauxia_ledermannii,1
Soyauxia_talbotii,1
Soyauxia_velutina,4
Suksdorfia_ranunculifolia,1
Suksdorfia_violacea,1
Sullivantia_hapemanii,1
Sullivantia_oregana,2
Sullivantia_sullivantii,2
Sycopsis_formosana,2
Sycopsis_sinensis,2
Sycopsis_triplinervia,2
Tanakaea_radicans,2
Telesonix_heucheriformis,2
Telesonix_jamesii,2
Tellima_grandiflora,4
Tetracarpaea_tasmanica,2
Thompsonella_garcia-mendozae,2
Thompsonella_minutiflora,2
Thompsonella_mixtecana,2
Thompsonella_nellydiegoae,2
Thompsonella_platyphylla,2
Thompsonella_spathulata,2
Thompsonella_xochipalensis,2
Tiarella_cordifolia,2
